data,ora,stazione,vento_nodi,raffica10_nodi,direzione
2026-07-23,09:01,Porto Corsini,8.7,8.7,SSE
2026-07-23,09:04,Porto Corsini,6.1,8.7,SSE
2026-07-23,09:15,Porto Corsini,12.1,11.3,SSE
2026-07-23,09:31,Porto Corsini,13.9,13.0,SSE
2026-07-23,09:45,Porto Corsini,12.1,13.9,SSE
2026-07-23,11:15,Porto Corsini,13.0,12.2,SE
2026-07-23,11:16,Porto Corsini,13.0,12.2,SE
2026-07-23,11:31,Porto Corsini,13.0,13.0,SE
2026-07-23,11:32,Porto Corsini,12.1,13.0,SE
2026-07-23,11:45,Porto Corsini,12.1,13.0,SE
2026-07-23,12:01,Porto Corsini,13.0,12.2,SE
2026-07-23,12:15,Porto Corsini,13.9,11.3,SE
2026-07-23,12:31,Porto Corsini,11.3,13.0,SE
2026-07-23,12:45,Porto Corsini,12.1,13.0,ESE
2026-07-23,13:01,Porto Corsini,12.1,11.3,ESE
2026-07-23,13:15,Porto Corsini,13.0,13.0,ESE
2026-07-23,13:29,Porto Corsini,8.7,11.3,ESE
2026-07-23,13:31,Porto Corsini,12.1,11.3,SE
2026-07-23,13:45,Porto Corsini,14.8,13.0,ESE
2026-07-23,14:01,Porto Corsini,13.0,10.4,ESE
2026-07-23,14:15,Porto Corsini,8.7,11.3,SE
2026-07-23,14:31,Porto Corsini,13.0,12.2,ESE
2026-07-23,14:45,Porto Corsini,12.1,11.3,SE
2026-07-23,14:58,Porto Corsini,12.1,11.3,SE
2026-07-23,15:01,Porto Corsini,12.1,12.2,SE
2026-07-23,15:15,Porto Corsini,11.3,9.6,SE
2026-07-23,15:31,Porto Corsini,10.4,10.4,SE
2026-07-23,15:45,Porto Corsini,11.3,12.2,SE
2026-07-23,16:01,Porto Corsini,11.3,12.2,SE
2026-07-23,16:15,Porto Corsini,10.4,11.3,SSE
2026-07-23,16:31,Porto Corsini,11.3,11.3,SE
2026-07-23,16:45,Porto Corsini,9.6,10.4,SE
2026-07-23,17:01,Porto Corsini,10.4,10.4,SE
2026-07-23,17:04,Porto Corsini,10.4,11.3,SSE
2026-07-23,17:15,Porto Corsini,10.4,9.6,SSE
2026-07-23,17:31,Porto Corsini,3.5,9.6,S
2026-07-23,17:45,Porto Corsini,9.6,9.6,SSE
2026-07-23,18:01,Porto Corsini,11.3,10.4,SSE
2026-07-23,18:15,Porto Corsini,7.0,9.6,SSE
2026-07-23,18:31,Porto Corsini,7.8,9.6,SSE
2026-07-23,18:42,Porto Corsini,7.8,7.8,SSE
2026-07-23,18:45,Porto Corsini,9.6,7.8,SSE
2026-07-23,09:01,Lido di Volano,0.0,,?
2026-07-23,09:04,Lido di Volano,1.2,,WSW
2026-07-23,09:15,Lido di Volano,2.5,,SE
2026-07-23,09:31,Lido di Volano,6.8,,SSE
2026-07-23,09:45,Lido di Volano,8.9,,S
2026-07-23,11:15,Lido di Volano,8.0,,SSE
2026-07-23,11:16,Lido di Volano,8.0,,SSE
2026-07-23,11:31,Lido di Volano,6.6,,SSE
2026-07-23,11:32,Lido di Volano,6.6,,SSE
2026-07-23,11:45,Lido di Volano,5.1,,SSE
2026-07-23,12:01,Lido di Volano,6.4,,SSE
2026-07-23,12:15,Lido di Volano,7.8,,SSE
2026-07-23,12:31,Lido di Volano,9.1,,SE
2026-07-23,12:45,Lido di Volano,5.6,,ESE
2026-07-23,13:01,Lido di Volano,7.6,,SE
2026-07-23,13:15,Lido di Volano,5.8,,ESE
2026-07-23,13:29,Lido di Volano,7.6,,SE
2026-07-23,13:31,Lido di Volano,7.2,,SE
2026-07-23,13:45,Lido di Volano,8.2,,SE
2026-07-23,14:01,Lido di Volano,6.8,,SE
2026-07-23,14:15,Lido di Volano,6.6,,SE
2026-07-23,14:31,Lido di Volano,7.4,,SE
2026-07-23,14:45,Lido di Volano,7.0,,SE
2026-07-23,14:58,Lido di Volano,7.8,,SE
2026-07-23,15:01,Lido di Volano,9.5,,SSE
2026-07-23,15:15,Lido di Volano,10.1,,SE
2026-07-23,15:31,Lido di Volano,7.0,,SE
2026-07-23,15:45,Lido di Volano,9.3,,SE
2026-07-23,16:15,Lido di Volano,7.0,,SE
2026-07-23,16:31,Lido di Volano,8.6,,SE
2026-07-23,16:45,Lido di Volano,9.1,,SSE
2026-07-23,17:01,Lido di Volano,7.4,,S
2026-07-23,17:04,Lido di Volano,7.4,,S
2026-07-23,17:15,Lido di Volano,6.6,,SSE
2026-07-23,17:31,Lido di Volano,6.8,,SSE
2026-07-23,17:45,Lido di Volano,6.8,,SSE
2026-07-23,18:01,Lido di Volano,6.0,,SSE
2026-07-23,18:15,Lido di Volano,4.9,,S
2026-07-23,18:31,Lido di Volano,4.3,,SSE
2026-07-23,18:42,Lido di Volano,4.9,,SSE
2026-07-23,18:45,Lido di Volano,4.9,,SSE
2026-07-24,09:01,Porto Corsini,8.7,12.2,E
2026-07-24,09:04,Porto Corsini,13.0,12.2,ESE
2026-07-24,09:15,Porto Corsini,11.3,12.2,ESE
2026-07-24,09:31,Porto Corsini,12.1,12.2,E
2026-07-24,09:45,Porto Corsini,9.6,13.0,ESE
2026-07-24,10:01,Porto Corsini,12.1,11.3,ESE
2026-07-24,10:15,Porto Corsini,11.3,12.2,ESE
2026-07-24,10:31,Porto Corsini,12.1,11.3,ESE
2026-07-24,10:45,Porto Corsini,11.3,11.3,ESE
2026-07-24,11:01,Porto Corsini,12.1,12.2,ESE
2026-07-24,11:15,Porto Corsini,11.3,12.2,ESE
2026-07-24,11:29,Porto Corsini,13.9,11.3,SE
2026-07-24,11:31,Porto Corsini,11.3,11.3,ESE
2026-07-24,11:45,Porto Corsini,13.9,13.0,SE
2026-07-24,12:01,Porto Corsini,12.1,12.2,ESE
2026-07-24,12:15,Porto Corsini,14.8,13.0,ESE
2026-07-24,12:31,Porto Corsini,13.0,12.2,SE
2026-07-24,12:45,Porto Corsini,14.8,12.2,ESE
2026-07-24,13:01,Porto Corsini,13.9,12.2,SSE
2026-07-24,13:15,Porto Corsini,12.1,13.0,SE
2026-07-24,13:16,Porto Corsini,12.1,12.2,SE
2026-07-24,13:31,Porto Corsini,12.1,12.2,SE
2026-07-24,13:45,Porto Corsini,12.1,13.0,SE
2026-07-24,14:01,Porto Corsini,12.1,12.2,SE
2026-07-24,14:15,Porto Corsini,13.0,12.2,SE
2026-07-24,14:31,Porto Corsini,11.3,10.4,SE
2026-07-24,14:45,Porto Corsini,8.7,11.3,SE
2026-07-24,14:51,Porto Corsini,13.0,11.3,SE
2026-07-24,15:01,Porto Corsini,11.3,13.0,SE
2026-07-24,15:15,Porto Corsini,12.1,12.2,SE
2026-07-24,15:31,Porto Corsini,13.0,11.3,SSE
2026-07-24,15:45,Porto Corsini,13.0,12.2,SE
2026-07-24,16:01,Porto Corsini,12.1,13.0,SE
2026-07-24,16:15,Porto Corsini,9.6,12.2,SSE
2026-07-24,16:31,Porto Corsini,10.4,11.3,SE
2026-07-24,16:40,Porto Corsini,11.3,11.3,SSE
2026-07-24,16:45,Porto Corsini,11.3,11.3,SE
2026-07-24,17:01,Porto Corsini,11.3,11.3,SSE
2026-07-24,17:15,Porto Corsini,10.4,11.3,SSE
2026-07-24,17:31,Porto Corsini,10.4,12.2,SE
2026-07-24,17:45,Porto Corsini,9.6,9.6,SSE
2026-07-24,18:01,Porto Corsini,10.4,10.4,SSE
2026-07-24,18:05,Porto Corsini,10.4,10.4,SSE
2026-07-24,18:15,Porto Corsini,11.3,10.4,SSE
2026-07-24,18:31,Porto Corsini,12.1,11.3,SSE
2026-07-24,18:45,Porto Corsini,13.0,12.2,SE
2026-07-24,09:01,Lido di Volano,1.2,,NNE
2026-07-24,09:04,Lido di Volano,2.1,,NE
2026-07-24,09:15,Lido di Volano,11.1,,SE
2026-07-24,09:31,Lido di Volano,10.7,,ESE
2026-07-24,09:45,Lido di Volano,8.9,,ESE
2026-07-24,10:01,Lido di Volano,9.1,,E
2026-07-24,10:15,Lido di Volano,10.9,,E
2026-07-24,10:31,Lido di Volano,9.1,,E
2026-07-24,10:45,Lido di Volano,9.5,,E
2026-07-24,11:01,Lido di Volano,8.2,,E
2026-07-24,11:15,Lido di Volano,8.0,,SE
2026-07-24,11:29,Lido di Volano,7.4,,SE
2026-07-24,11:31,Lido di Volano,7.4,,SE
2026-07-24,11:45,Lido di Volano,7.0,,SE
2026-07-24,12:01,Lido di Volano,7.8,,SSE
2026-07-24,12:15,Lido di Volano,8.9,,SSE
2026-07-24,12:31,Lido di Volano,7.6,,ESE
2026-07-24,12:45,Lido di Volano,8.4,,SE
2026-07-24,13:01,Lido di Volano,8.6,,SE
2026-07-24,13:15,Lido di Volano,9.3,,SE
2026-07-24,13:16,Lido di Volano,9.3,,SE
2026-07-24,13:31,Lido di Volano,8.6,,SE
2026-07-24,13:45,Lido di Volano,6.4,,SSE
2026-07-24,14:01,Lido di Volano,7.8,,SE
2026-07-24,14:15,Lido di Volano,6.6,,SE
2026-07-24,14:31,Lido di Volano,8.2,,SE
2026-07-24,14:45,Lido di Volano,7.2,,SSE
2026-07-24,14:51,Lido di Volano,8.0,,SE
2026-07-24,15:01,Lido di Volano,8.7,,SSE
2026-07-24,15:15,Lido di Volano,8.6,,SE
2026-07-24,15:31,Lido di Volano,7.8,,SSE
2026-07-24,15:45,Lido di Volano,8.4,,SSE
2026-07-24,16:01,Lido di Volano,7.8,,SSE
2026-07-24,16:15,Lido di Volano,9.9,,SSE
2026-07-24,16:31,Lido di Volano,8.2,,S
2026-07-24,16:40,Lido di Volano,7.0,,S
2026-07-24,16:45,Lido di Volano,7.4,,SSE
2026-07-24,17:01,Lido di Volano,9.3,,SSE
2026-07-24,17:15,Lido di Volano,8.4,,S
2026-07-24,17:31,Lido di Volano,9.9,,SSE
2026-07-24,17:45,Lido di Volano,9.3,,SSE
2026-07-24,18:01,Lido di Volano,10.7,,SSE
2026-07-24,18:05,Lido di Volano,10.7,,SSE
2026-07-24,18:15,Lido di Volano,9.7,,S
2026-07-24,18:31,Lido di Volano,9.1,,S
2026-07-24,18:45,Lido di Volano,11.1,,SSE
2026-07-25,09:01,Porto Corsini,21.7,16.5,SSE
2026-07-25,09:15,Porto Corsini,20.0,18.2,SE
2026-07-25,09:31,Porto Corsini,19.1,18.2,SSE
2026-07-25,09:45,Porto Corsini,20.8,18.2,SSE
2026-07-25,10:01,Porto Corsini,20.0,18.2,SE
2026-07-25,10:15,Porto Corsini,20.0,17.4,SE
2026-07-25,10:31,Porto Corsini,17.4,15.6,SE
2026-07-25,10:35,Porto Corsini,17.4,15.6,SE
2026-07-25,11:01,Porto Corsini,7.8,17.4,SSE
2026-07-25,11:15,Porto Corsini,16.5,15.6,SE
2026-07-25,11:31,Porto Corsini,17.4,16.5,SE
2026-07-25,11:45,Porto Corsini,15.7,15.6,SE
2026-07-25,12:01,Porto Corsini,15.7,14.8,SE
2026-07-25,12:14,Porto Corsini,15.7,15.6,SE
2026-07-25,12:15,Porto Corsini,13.0,15.6,SE
2026-07-25,12:31,Porto Corsini,15.7,13.9,SE
2026-07-25,12:45,Porto Corsini,15.7,13.9,SE
2026-07-25,13:01,Porto Corsini,14.8,13.9,SE
2026-07-25,13:15,Porto Corsini,15.7,13.0,SE
2026-07-25,13:31,Porto Corsini,13.0,13.0,SE
2026-07-25,13:33,Porto Corsini,14.8,13.0,SE
2026-07-25,13:45,Porto Corsini,13.9,12.2,SE
2026-07-25,14:01,Porto Corsini,11.3,13.0,SSE
2026-07-25,14:41,Porto Corsini,14.8,13.9,SE
2026-07-25,14:45,Porto Corsini,17.4,13.9,SE
2026-07-25,15:01,Porto Corsini,14.8,14.8,SE
2026-07-25,15:15,Porto Corsini,14.8,13.9,SSE
2026-07-25,15:31,Porto Corsini,15.7,12.2,SE
2026-07-25,15:45,Porto Corsini,13.0,13.0,SE
2026-07-25,16:01,Porto Corsini,13.0,13.9,SE
2026-07-25,16:15,Porto Corsini,16.5,12.2,SE
2026-07-25,16:31,Porto Corsini,15.7,13.0,SE
2026-07-25,16:45,Porto Corsini,12.1,13.0,SSE
2026-07-25,17:01,Porto Corsini,13.0,,SSE
2026-07-25,17:31,Porto Corsini,13.9,13.9,SE
2026-07-25,17:34,Porto Corsini,15.7,13.9,SE
2026-07-25,17:45,Porto Corsini,13.0,13.9,SE
2026-07-25,18:01,Porto Corsini,16.5,13.0,SSE
2026-07-25,18:16,Porto Corsini,13.9,13.9,SE
2026-07-25,18:30,Porto Corsini,15.7,13.0,SSE
2026-07-25,18:45,Porto Corsini,12.1,13.9,SE
2026-07-25,09:01,Lido di Volano,13.2,,SSE
2026-07-25,09:15,Lido di Volano,14.2,,SSE
2026-07-25,09:31,Lido di Volano,11.1,,SSE
2026-07-25,09:45,Lido di Volano,14.0,,SSE
2026-07-25,10:01,Lido di Volano,15.2,,SE
2026-07-25,10:15,Lido di Volano,12.6,,SE
2026-07-25,10:31,Lido di Volano,14.0,,SSE
2026-07-25,10:35,Lido di Volano,13.0,,SSE
2026-07-25,11:01,Lido di Volano,11.3,,SE
2026-07-25,11:15,Lido di Volano,13.4,,SSE
2026-07-25,11:31,Lido di Volano,13.0,,SSE
2026-07-25,11:45,Lido di Volano,11.5,,SSE
2026-07-25,12:01,Lido di Volano,13.0,,SE
2026-07-25,12:14,Lido di Volano,14.0,,SE
2026-07-25,12:15,Lido di Volano,14.0,,SE
2026-07-25,12:31,Lido di Volano,13.0,,SSE
2026-07-25,12:45,Lido di Volano,14.4,,SSE
2026-07-25,13:01,Lido di Volano,14.4,,SSE
2026-07-25,13:15,Lido di Volano,11.9,,SE
2026-07-25,13:31,Lido di Volano,13.6,,SE
2026-07-25,13:33,Lido di Volano,14.6,,SE
2026-07-25,13:45,Lido di Volano,12.6,,SE
2026-07-25,14:01,Lido di Volano,13.4,,SSE
2026-07-25,14:41,Lido di Volano,12.1,,SSE
2026-07-25,14:45,Lido di Volano,11.5,,SE
2026-07-25,15:01,Lido di Volano,11.5,,SE
2026-07-25,15:15,Lido di Volano,11.5,,SE
2026-07-25,15:31,Lido di Volano,12.2,,SE
2026-07-25,15:45,Lido di Volano,12.4,,ESE
2026-07-25,16:01,Lido di Volano,11.1,,SE
2026-07-25,16:15,Lido di Volano,9.9,,SE
2026-07-25,16:31,Lido di Volano,9.5,,SSE
2026-07-25,16:45,Lido di Volano,10.3,,SE
2026-07-25,17:31,Lido di Volano,11.5,,SE
2026-07-25,17:34,Lido di Volano,11.5,,SE
2026-07-25,17:45,Lido di Volano,11.5,,SE
2026-07-25,18:01,Lido di Volano,12.2,,SE
2026-07-25,18:16,Lido di Volano,9.7,,ESE
2026-07-25,18:30,Lido di Volano,9.9,,SE
2026-07-25,18:45,Lido di Volano,10.7,,SE
2026-07-26,09:01,Porto Corsini,26.9,32.1,ESE
2026-07-26,09:15,Porto Corsini,8.7,23.5,NNW
2026-07-26,09:16,Porto Corsini,8.7,23.5,NNW
2026-07-26,09:31,Porto Corsini,12.1,25.2,W
2026-07-26,09:45,Porto Corsini,9.6,16.5,NW
2026-07-26,10:01,Porto Corsini,8.7,12.2,W
2026-07-26,10:15,Porto Corsini,9.6,10.4,NW
2026-07-26,10:31,Porto Corsini,3.5,9.6,W
2026-07-26,10:45,Porto Corsini,0.9,7.8,W
2026-07-26,11:01,Porto Corsini,15.7,11.3,SE
2026-07-26,11:15,Porto Corsini,13.9,15.6,SE
2026-07-26,11:28,Porto Corsini,9.6,10.4,SSW
2026-07-26,11:31,Porto Corsini,7.0,9.6,SW
2026-07-26,11:45,Porto Corsini,7.0,14.8,S
2026-07-26,12:01,Porto Corsini,13.0,13.0,SE
2026-07-26,12:15,Porto Corsini,8.7,10.4,SE
2026-07-26,12:31,Porto Corsini,10.4,9.6,SE
2026-07-26,12:45,Porto Corsini,11.3,11.3,SE
2026-07-26,12:57,Porto Corsini,12.1,11.3,ESE
2026-07-26,13:01,Porto Corsini,12.1,12.2,ESE
2026-07-26,13:15,Porto Corsini,12.1,11.3,SE
2026-07-26,13:30,Porto Corsini,13.0,13.0,ESE
2026-07-26,13:45,Porto Corsini,13.9,13.0,ESE
2026-07-26,13:57,Porto Corsini,11.3,11.3,SE
2026-07-26,14:01,Porto Corsini,12.1,11.3,ESE
2026-07-26,14:15,Porto Corsini,13.0,13.9,ESE
2026-07-26,14:31,Porto Corsini,10.4,10.4,ESE
2026-07-26,14:45,Porto Corsini,7.8,8.7,ESE
2026-07-26,15:01,Porto Corsini,4.3,7.8,SE
2026-07-26,15:05,Porto Corsini,5.2,7.0,ESE
2026-07-26,15:15,Porto Corsini,3.5,7.0,ESE
2026-07-26,15:31,Porto Corsini,3.5,5.2,ESE
2026-07-26,15:45,Porto Corsini,3.5,5.2,ESE
2026-07-26,16:01,Porto Corsini,4.3,5.2,E
2026-07-26,16:15,Porto Corsini,4.3,7.0,NE
2026-07-26,16:31,Porto Corsini,6.1,6.1,ENE
2026-07-26,16:43,Porto Corsini,4.3,5.2,NE
2026-07-26,16:45,Porto Corsini,3.5,,NE
2026-07-26,17:01,Porto Corsini,2.6,6.1,NE
2026-07-26,17:15,Porto Corsini,4.3,5.2,NNE
2026-07-26,17:31,Porto Corsini,1.7,5.2,SSW
2026-07-26,17:45,Porto Corsini,4.3,16.5,NNE
2026-07-26,17:45,Porto Corsini,3.5,16.5,N
2026-07-26,18:01,Porto Corsini,10.4,9.6,ENE
2026-07-26,18:15,Porto Corsini,6.1,13.0,NE
2026-07-26,18:31,Porto Corsini,4.3,,WNW
2026-07-26,18:36,Porto Corsini,6.1,7.8,W
2026-07-26,18:45,Porto Corsini,2.6,7.8,W
2026-07-26,09:01,Lido di Volano,3.5,,WNW
2026-07-26,09:15,Lido di Volano,5.8,,WNW
2026-07-26,09:16,Lido di Volano,5.8,,WNW
2026-07-26,09:31,Lido di Volano,5.2,,NW
2026-07-26,09:45,Lido di Volano,4.9,,NW
2026-07-26,10:01,Lido di Volano,4.9,,W
2026-07-26,10:15,Lido di Volano,3.7,,WNW
2026-07-26,10:31,Lido di Volano,6.6,,W
2026-07-26,10:45,Lido di Volano,6.8,,SW
2026-07-26,11:01,Lido di Volano,4.5,,WSW
2026-07-26,11:15,Lido di Volano,5.6,,W
2026-07-26,11:28,Lido di Volano,6.6,,WSW
2026-07-26,11:31,Lido di Volano,6.6,,WSW
2026-07-26,11:45,Lido di Volano,3.3,,WSW
2026-07-26,12:01,Lido di Volano,6.4,,WNW
2026-07-26,12:15,Lido di Volano,8.6,,SSW
2026-07-26,12:31,Lido di Volano,8.0,,SSW
2026-07-26,12:45,Lido di Volano,9.5,,SSW
2026-07-26,12:57,Lido di Volano,9.1,,SSW
2026-07-26,13:01,Lido di Volano,9.1,,SSW
2026-07-26,13:15,Lido di Volano,8.2,,S
2026-07-26,13:30,Lido di Volano,5.8,,S
2026-07-26,13:45,Lido di Volano,5.1,,S
2026-07-26,13:57,Lido di Volano,6.2,,SSE
2026-07-26,14:01,Lido di Volano,6.2,,SSE
2026-07-26,14:15,Lido di Volano,8.0,,ESE
2026-07-26,14:31,Lido di Volano,10.7,,ESE
2026-07-26,14:45,Lido di Volano,8.0,,E
2026-07-26,15:01,Lido di Volano,7.6,,ESE
2026-07-26,15:05,Lido di Volano,7.2,,SE
2026-07-26,15:15,Lido di Volano,7.0,,SE
2026-07-26,15:31,Lido di Volano,8.0,,SE
2026-07-26,15:45,Lido di Volano,6.4,,SSE
2026-07-26,16:01,Lido di Volano,4.1,,SSE
2026-07-26,16:15,Lido di Volano,3.9,,ESE
2026-07-26,16:31,Lido di Volano,2.7,,SSE
2026-07-26,16:43,Lido di Volano,2.5,,SSE
2026-07-26,16:45,Lido di Volano,3.9,,SE
2026-07-26,17:01,Lido di Volano,1.8,,S
2026-07-26,17:15,Lido di Volano,1.9,,SSE
2026-07-26,17:31,Lido di Volano,2.1,,SSE
2026-07-26,17:45,Lido di Volano,3.3,,SW
2026-07-26,17:45,Lido di Volano,3.3,,SW
2026-07-26,18:01,Lido di Volano,3.1,,SSE
2026-07-26,18:15,Lido di Volano,3.7,,E
2026-07-26,18:31,Lido di Volano,5.6,,ENE
2026-07-26,18:36,Lido di Volano,3.3,,ENE
2026-07-26,18:45,Lido di Volano,3.9,,E
2026-07-27,09:01,Porto Corsini,2.6,8.7,NW
2026-07-27,09:15,Porto Corsini,3.5,7.8,WNW
2026-07-27,09:31,Porto Corsini,5.2,8.7,W
2026-07-27,09:45,Porto Corsini,4.3,7.8,WNW
2026-07-27,10:01,Porto Corsini,3.5,7.0,WNW
2026-07-27,10:15,Porto Corsini,2.6,7.0,NNW
2026-07-27,10:28,Porto Corsini,1.7,7.0,NW
2026-07-27,10:30,Porto Corsini,2.6,7.0,NNW
2026-07-27,10:45,Porto Corsini,1.7,5.2,NNW
2026-07-27,11:01,Porto Corsini,3.5,3.5,E
2026-07-27,11:15,Porto Corsini,3.5,5.2,E
2026-07-27,11:31,Porto Corsini,6.1,5.2,E
2026-07-27,11:45,Porto Corsini,6.1,7.0,ESE
2026-07-27,12:01,Porto Corsini,7.0,7.8,ESE
2026-07-27,12:15,Porto Corsini,6.1,7.8,E
2026-07-27,12:31,Porto Corsini,7.0,7.8,E
2026-07-27,12:45,Porto Corsini,6.1,7.0,E
2026-07-27,13:01,Porto Corsini,7.0,7.0,ESE
2026-07-27,13:15,Porto Corsini,7.0,7.8,ESE
2026-07-27,13:31,Porto Corsini,7.8,7.8,ESE
2026-07-27,13:45,Porto Corsini,7.8,7.8,ESE
2026-07-27,13:50,Porto Corsini,7.8,7.8,ESE
2026-07-27,14:01,Porto Corsini,7.0,8.7,ESE
2026-07-27,14:15,Porto Corsini,8.7,7.8,ESE
2026-07-27,14:31,Porto Corsini,9.6,8.7,SE
2026-07-27,14:45,Porto Corsini,8.7,9.6,SE
2026-07-27,15:01,Porto Corsini,8.7,9.6,SE
2026-07-27,15:15,Porto Corsini,10.4,10.4,SE
2026-07-27,15:31,Porto Corsini,10.4,9.6,SE
2026-07-27,15:45,Porto Corsini,12.1,11.3,SE
2026-07-27,16:01,Porto Corsini,12.1,12.2,SE
2026-07-27,16:04,Porto Corsini,12.1,10.4,SE
2026-07-27,16:15,Porto Corsini,9.6,10.4,SSE
2026-07-27,16:31,Porto Corsini,12.1,11.3,SSE
2026-07-27,16:46,Porto Corsini,12.1,11.3,SSE
2026-07-27,17:01,Porto Corsini,11.3,11.3,SSE
2026-07-27,17:15,Porto Corsini,8.7,11.3,SSE
2026-07-27,17:31,Porto Corsini,11.3,8.7,SSE
2026-07-27,17:45,Porto Corsini,10.4,9.6,SE
2026-07-27,18:01,Porto Corsini,9.6,11.3,SSE
2026-07-27,18:15,Porto Corsini,9.6,9.6,SSE
2026-07-27,18:31,Porto Corsini,6.1,11.3,S
2026-07-27,18:32,Porto Corsini,8.7,11.3,S
2026-07-27,18:45,Porto Corsini,10.4,10.4,SSE
2026-07-27,09:01,Lido di Volano,0.0,,?
2026-07-27,09:15,Lido di Volano,0.0,,?
2026-07-27,09:31,Lido di Volano,2.7,,SSE
2026-07-27,09:45,Lido di Volano,0.0,,SSE
2026-07-27,10:01,Lido di Volano,1.9,,SSE
2026-07-27,10:15,Lido di Volano,2.5,,SSE
2026-07-27,10:28,Lido di Volano,2.9,,S
2026-07-27,10:30,Lido di Volano,2.9,,S
2026-07-27,10:45,Lido di Volano,2.5,,SSE
2026-07-27,11:01,Lido di Volano,2.9,,SSE
2026-07-27,11:15,Lido di Volano,3.7,,SE
2026-07-27,11:31,Lido di Volano,3.9,,SE
2026-07-27,11:45,Lido di Volano,2.9,,SE
2026-07-27,12:01,Lido di Volano,3.1,,ESE
2026-07-27,12:15,Lido di Volano,4.1,,ESE
2026-07-27,12:31,Lido di Volano,4.7,,SE
2026-07-27,12:45,Lido di Volano,4.7,,SSE
2026-07-27,13:01,Lido di Volano,5.8,,SE
2026-07-27,13:15,Lido di Volano,5.4,,SE
2026-07-27,13:31,Lido di Volano,4.7,,SE
2026-07-27,13:45,Lido di Volano,5.2,,ESE
2026-07-27,13:50,Lido di Volano,5.6,,SE
2026-07-27,14:01,Lido di Volano,6.4,,SE
2026-07-27,14:15,Lido di Volano,7.6,,SE
2026-07-27,14:31,Lido di Volano,7.2,,SSE
2026-07-27,14:45,Lido di Volano,6.0,,SE
2026-07-27,15:01,Lido di Volano,7.0,,SE
2026-07-27,15:15,Lido di Volano,8.7,,SE
2026-07-27,15:31,Lido di Volano,7.6,,SE
2026-07-27,15:45,Lido di Volano,9.1,,SE
2026-07-27,16:01,Lido di Volano,8.2,,SE
2026-07-27,16:04,Lido di Volano,8.2,,SE
2026-07-27,16:15,Lido di Volano,10.1,,SE
2026-07-27,16:31,Lido di Volano,9.7,,SE
2026-07-27,16:46,Lido di Volano,10.1,,SSE
2026-07-27,17:01,Lido di Volano,9.9,,SSE
2026-07-27,17:15,Lido di Volano,8.6,,SE
2026-07-27,17:31,Lido di Volano,8.7,,SSE
2026-07-27,17:45,Lido di Volano,9.1,,SSE
2026-07-27,18:01,Lido di Volano,7.8,,SSE
2026-07-27,18:15,Lido di Volano,8.7,,SSE
2026-07-27,18:31,Lido di Volano,8.6,,SSE
2026-07-27,18:32,Lido di Volano,8.6,,SSE
2026-07-27,18:45,Lido di Volano,7.6,,SSE
2026-07-28,09:01,Porto Corsini,9.6,7.8,ESE
2026-07-28,09:15,Porto Corsini,7.8,7.8,ESE
2026-07-28,09:31,Porto Corsini,7.8,7.8,ESE
2026-07-28,09:45,Porto Corsini,7.0,7.8,SE
2026-07-28,10:01,Porto Corsini,8.7,8.7,SE
2026-07-28,10:15,Porto Corsini,7.8,8.7,ESE
2026-07-28,10:31,Porto Corsini,7.0,7.8,ESE
2026-07-28,10:45,Porto Corsini,7.8,7.8,SE
2026-07-28,10:49,Porto Corsini,7.0,8.7,ESE
2026-07-28,11:01,Porto Corsini,7.8,9.6,SE
2026-07-28,11:15,Porto Corsini,7.8,9.6,SE
2026-07-28,11:31,Porto Corsini,8.7,8.7,ESE
2026-07-28,11:45,Porto Corsini,7.8,8.7,ESE
2026-07-28,12:01,Porto Corsini,7.8,8.7,SE
2026-07-28,12:15,Porto Corsini,9.6,9.6,ESE
2026-07-28,12:31,Porto Corsini,7.8,9.6,ESE
2026-07-28,12:45,Porto Corsini,9.6,8.7,E
2026-07-28,13:01,Porto Corsini,7.8,10.4,E
2026-07-28,13:07,Porto Corsini,8.7,10.4,ESE
2026-07-28,13:15,Porto Corsini,7.8,9.6,E
2026-07-28,13:31,Porto Corsini,7.8,9.6,E
2026-07-28,13:45,Porto Corsini,8.7,8.7,E
2026-07-28,14:01,Porto Corsini,7.8,9.6,E
2026-07-28,14:15,Porto Corsini,8.7,,E
2026-07-28,14:30,Porto Corsini,7.0,8.7,E
2026-07-28,14:45,Porto Corsini,7.8,8.7,E
2026-07-28,15:00,Porto Corsini,7.8,7.8,E
2026-07-28,15:01,Porto Corsini,7.8,7.8,E
2026-07-28,15:15,Porto Corsini,6.1,7.8,ESE
2026-07-28,15:31,Porto Corsini,7.0,7.8,E
2026-07-28,15:45,Porto Corsini,6.1,7.8,E
2026-07-28,16:01,Porto Corsini,4.3,7.8,ENE
2026-07-28,16:15,Porto Corsini,6.1,7.0,E
2026-07-28,16:31,Porto Corsini,5.2,7.0,E
2026-07-28,16:45,Porto Corsini,5.2,6.1,ESE
2026-07-28,17:01,Porto Corsini,3.5,5.2,SE
2026-07-28,17:15,Porto Corsini,4.3,6.1,SE
2026-07-28,17:30,Porto Corsini,6.1,6.1,SE
2026-07-28,17:45,Porto Corsini,7.8,7.0,SE
2026-07-28,18:01,Porto Corsini,7.8,7.0,SE
2026-07-28,18:15,Porto Corsini,7.8,7.0,SE
2026-07-28,18:30,Porto Corsini,7.8,7.8,SSE
2026-07-28,18:45,Porto Corsini,6.1,7.8,SE
2026-07-28,09:01,Lido di Volano,8.9,,ENE
2026-07-28,09:15,Lido di Volano,8.2,,ENE
2026-07-28,09:31,Lido di Volano,8.0,,E
2026-07-28,09:45,Lido di Volano,8.0,,E
2026-07-28,10:01,Lido di Volano,5.4,,E
2026-07-28,10:15,Lido di Volano,7.4,,E
2026-07-28,10:31,Lido di Volano,6.8,,ESE
2026-07-28,10:45,Lido di Volano,6.0,,ESE
2026-07-28,10:49,Lido di Volano,5.4,,SE
2026-07-28,11:01,Lido di Volano,6.6,,SE
2026-07-28,11:15,Lido di Volano,5.1,,SSE
2026-07-28,11:31,Lido di Volano,4.7,,SSE
2026-07-28,11:45,Lido di Volano,4.7,,SSE
2026-07-28,12:01,Lido di Volano,4.1,,SSE
2026-07-28,12:15,Lido di Volano,3.7,,SE
2026-07-28,12:31,Lido di Volano,4.7,,SE
2026-07-28,12:45,Lido di Volano,5.1,,SE
2026-07-28,13:01,Lido di Volano,8.7,,SE
2026-07-28,13:07,Lido di Volano,8.4,,SE
2026-07-28,13:15,Lido di Volano,6.2,,SE
2026-07-28,13:31,Lido di Volano,7.4,,SE
2026-07-28,13:45,Lido di Volano,7.0,,SE
2026-07-28,14:01,Lido di Volano,6.4,,SE
2026-07-28,14:15,Lido di Volano,7.4,,SE
2026-07-28,14:30,Lido di Volano,7.6,,ESE
2026-07-28,14:45,Lido di Volano,6.0,,ESE
2026-07-28,15:00,Lido di Volano,6.4,,E
2026-07-28,15:01,Lido di Volano,6.4,,E
2026-07-28,15:15,Lido di Volano,8.2,,E
2026-07-28,15:31,Lido di Volano,6.8,,E
2026-07-28,16:01,Lido di Volano,6.6,,ESE
2026-07-28,16:15,Lido di Volano,7.2,,ESE
2026-07-28,16:31,Lido di Volano,6.4,,ESE
2026-07-28,16:45,Lido di Volano,6.4,,ESE
2026-07-28,17:01,Lido di Volano,4.9,,SE
2026-07-28,17:15,Lido di Volano,5.4,,SE
2026-07-28,17:30,Lido di Volano,6.2,,SE
2026-07-28,17:45,Lido di Volano,6.0,,SE
2026-07-28,18:01,Lido di Volano,6.6,,ESE
2026-07-28,18:15,Lido di Volano,6.8,,SE
2026-07-28,18:30,Lido di Volano,6.0,,ESE
2026-07-28,18:45,Lido di Volano,5.8,,SE
2026-07-29,09:01,Porto Corsini,5.2,7.8,W
2026-07-29,09:16,Porto Corsini,2.6,6.1,WNW
2026-07-29,09:31,Porto Corsini,0.0,6.1,N
2026-07-29,09:45,Porto Corsini,1.7,3.5,NE
2026-07-29,10:01,Porto Corsini,4.3,5.2,ENE
2026-07-29,10:15,Porto Corsini,2.6,5.2,ENE
2026-07-29,10:31,Porto Corsini,3.5,4.3,ENE
2026-07-29,10:45,Porto Corsini,3.5,5.2,ENE
2026-07-29,11:01,Porto Corsini,6.1,5.2,ENE
2026-07-29,11:15,Porto Corsini,6.1,7.8,ENE
2026-07-29,11:19,Porto Corsini,7.0,7.8,ENE
2026-07-29,11:31,Porto Corsini,6.1,6.1,E
2026-07-29,11:45,Porto Corsini,7.0,7.8,ENE
2026-07-29,12:01,Porto Corsini,6.1,7.8,ENE
2026-07-29,12:15,Porto Corsini,7.0,8.7,ENE
2026-07-29,12:31,Porto Corsini,7.0,7.8,ENE
2026-07-29,12:45,Porto Corsini,8.7,8.7,E
2026-07-29,13:01,Porto Corsini,8.7,9.6,E
2026-07-29,13:15,Porto Corsini,9.6,9.6,E
2026-07-29,13:31,Porto Corsini,7.8,9.6,E
2026-07-29,13:37,Porto Corsini,9.6,9.6,E
2026-07-29,13:45,Porto Corsini,9.6,9.6,E
2026-07-29,14:01,Porto Corsini,7.8,10.4,E
2026-07-29,14:15,Porto Corsini,9.6,9.6,ESE
2026-07-29,14:31,Porto Corsini,9.6,9.6,ESE
2026-07-29,14:45,Porto Corsini,7.8,9.6,E
2026-07-29,15:01,Porto Corsini,9.6,8.7,E
2026-07-29,15:15,Porto Corsini,8.7,9.6,E
2026-07-29,15:21,Porto Corsini,7.8,8.7,E
2026-07-29,15:31,Porto Corsini,7.8,8.7,ESE
2026-07-29,15:45,Porto Corsini,7.8,9.6,E
2026-07-29,16:01,Porto Corsini,7.0,8.7,E
2026-07-29,16:15,Porto Corsini,7.0,8.7,ENE
2026-07-29,16:31,Porto Corsini,7.0,7.8,E
2026-07-29,16:45,Porto Corsini,7.8,8.7,E
2026-07-29,17:01,Porto Corsini,6.1,7.8,ESE
2026-07-29,17:15,Porto Corsini,7.0,7.0,ESE
2026-07-29,17:24,Porto Corsini,7.0,7.8,ESE
2026-07-29,17:31,Porto Corsini,7.0,7.8,ESE
2026-07-29,17:45,Porto Corsini,7.8,7.8,ESE
2026-07-29,18:01,Porto Corsini,8.7,7.8,ESE
2026-07-29,18:15,Porto Corsini,8.7,7.8,SE
2026-07-29,18:31,Porto Corsini,10.4,9.6,ESE
2026-07-29,18:43,Porto Corsini,9.6,9.6,SE
2026-07-29,18:46,Porto Corsini,9.6,9.6,SE
2026-07-29,09:01,Lido di Volano,0.0,,?
2026-07-29,09:16,Lido di Volano,1.2,,WSW
2026-07-29,09:31,Lido di Volano,1.9,,WNW
2026-07-29,09:45,Lido di Volano,0.0,,NW
2026-07-29,10:15,Lido di Volano,1.0,,N
2026-07-29,10:31,Lido di Volano,1.6,,ESE
2026-07-29,10:45,Lido di Volano,1.9,,ESE
2026-07-29,11:01,Lido di Volano,2.3,,SE
2026-07-29,11:15,Lido di Volano,2.5,,SE
2026-07-29,11:19,Lido di Volano,1.8,,SE
2026-07-29,11:31,Lido di Volano,1.6,,SE
2026-07-29,11:45,Lido di Volano,1.9,,SE
2026-07-29,12:15,Lido di Volano,2.1,,SE
2026-07-29,12:31,Lido di Volano,3.1,,SE
2026-07-29,12:45,Lido di Volano,3.9,,SE
2026-07-29,13:01,Lido di Volano,5.2,,SSE
2026-07-29,13:15,Lido di Volano,4.9,,SE
2026-07-29,13:31,Lido di Volano,5.6,,SE
2026-07-29,13:37,Lido di Volano,6.6,,SE
2026-07-29,13:45,Lido di Volano,6.4,,ESE
2026-07-29,14:01,Lido di Volano,6.4,,SE
2026-07-29,14:15,Lido di Volano,6.8,,SE
2026-07-29,14:31,Lido di Volano,8.2,,SE
2026-07-29,14:45,Lido di Volano,6.6,,SE
2026-07-29,15:01,Lido di Volano,6.0,,SE
2026-07-29,15:15,Lido di Volano,6.6,,SE
2026-07-29,15:21,Lido di Volano,7.0,,SE
2026-07-29,15:31,Lido di Volano,8.2,,SE
2026-07-29,15:45,Lido di Volano,6.4,,SE
2026-07-29,16:01,Lido di Volano,7.0,,SE
2026-07-29,16:15,Lido di Volano,7.2,,SE
2026-07-29,16:31,Lido di Volano,6.6,,SE
2026-07-29,16:45,Lido di Volano,7.2,,SE
2026-07-29,17:01,Lido di Volano,6.4,,SE
2026-07-29,17:15,Lido di Volano,7.0,,SE
2026-07-29,17:24,Lido di Volano,6.4,,SE
2026-07-29,17:31,Lido di Volano,7.0,,SE
2026-07-29,17:45,Lido di Volano,7.0,,SE
2026-07-29,18:01,Lido di Volano,6.2,,ESE
2026-07-29,18:15,Lido di Volano,5.4,,SE
2026-07-29,18:31,Lido di Volano,6.4,,SE
2026-07-29,18:43,Lido di Volano,6.4,,SE
2026-07-29,18:46,Lido di Volano,6.4,,SE
2026-07-30,09:01,Porto Corsini,3.5,5.2,WSW
2026-07-30,09:15,Porto Corsini,5.2,7.0,W
2026-07-30,09:31,Porto Corsini,3.5,7.0,W
2026-07-30,09:45,Porto Corsini,0.0,5.2,NW
2026-07-30,10:01,Porto Corsini,2.6,,NE
2026-07-30,10:15,Porto Corsini,2.6,3.5,E
2026-07-30,10:31,Porto Corsini,2.6,2.6,E
2026-07-30,10:45,Porto Corsini,4.3,4.3,E
2026-07-30,11:01,Porto Corsini,3.5,5.2,E
2026-07-30,11:15,Porto Corsini,7.0,7.0,E
2026-07-30,11:31,Porto Corsini,6.1,7.0,E
2026-07-30,11:45,Porto Corsini,5.2,6.1,E
2026-07-30,12:01,Porto Corsini,6.1,6.1,ESE
2026-07-30,12:15,Porto Corsini,7.0,7.0,ESE
2026-07-30,12:31,Porto Corsini,7.0,7.0,ESE
2026-07-30,12:45,Porto Corsini,7.0,7.0,SE
2026-07-30,12:55,Porto Corsini,7.0,7.0,ESE
2026-07-30,13:01,Porto Corsini,6.1,6.1,ESE
2026-07-30,13:15,Porto Corsini,6.1,7.0,SE
2026-07-30,13:31,Porto Corsini,4.3,6.1,SE
2026-07-30,13:45,Porto Corsini,6.1,6.1,ESE
2026-07-30,14:01,Porto Corsini,3.5,6.1,SE
2026-07-30,14:15,Porto Corsini,6.1,6.1,ESE
2026-07-30,14:22,Porto Corsini,7.8,7.0,E
2026-07-30,14:31,Porto Corsini,6.1,7.0,ESE
2026-07-30,14:45,Porto Corsini,6.1,7.0,ESE
2026-07-30,15:01,Porto Corsini,7.8,7.8,ESE
2026-07-30,15:15,Porto Corsini,7.8,7.8,ESE
2026-07-30,15:31,Porto Corsini,7.0,7.8,ESE
2026-07-30,15:45,Porto Corsini,7.0,7.8,SE
2026-07-30,16:01,Porto Corsini,7.0,7.8,SE
2026-07-30,16:15,Porto Corsini,7.8,7.8,SE
2026-07-30,16:31,Porto Corsini,7.0,7.8,SE
2026-07-30,16:38,Porto Corsini,7.0,7.0,SE
2026-07-30,16:45,Porto Corsini,7.8,7.0,SE
2026-07-30,17:01,Porto Corsini,7.8,7.0,ESE
2026-07-30,17:16,Porto Corsini,6.1,7.8,SE
2026-07-30,17:31,Porto Corsini,7.0,7.0,SE
2026-07-30,17:45,Porto Corsini,7.0,6.1,ESE
2026-07-30,18:01,Porto Corsini,6.1,5.2,ESE
2026-07-30,18:12,Porto Corsini,4.3,6.1,SE
2026-07-30,18:15,Porto Corsini,4.3,6.1,ESE
2026-07-30,18:31,Porto Corsini,3.5,5.2,ESE
2026-07-30,18:45,Porto Corsini,5.2,5.2,ESE
2026-07-30,09:01,Lido di Volano,0.0,,SSE
2026-07-30,09:15,Lido di Volano,0.0,,SSE
2026-07-30,09:31,Lido di Volano,0.0,,SSE
2026-07-30,09:45,Lido di Volano,0.0,,SSE
2026-07-30,10:01,Lido di Volano,0.0,,SSE
2026-07-30,10:15,Lido di Volano,0.0,,SSE
2026-07-30,10:31,Lido di Volano,0.0,,SSE
2026-07-30,10:45,Lido di Volano,0.0,,SSE
2026-07-30,11:01,Lido di Volano,0.0,,SSE
2026-07-30,11:15,Lido di Volano,0.0,,SSE
2026-07-30,11:31,Lido di Volano,0.0,,SSE
2026-07-30,11:45,Lido di Volano,0.0,,SSE
2026-07-30,12:01,Lido di Volano,0.0,,SSE
2026-07-30,12:15,Lido di Volano,0.0,,SSE
2026-07-30,12:31,Lido di Volano,0.0,,SSE
2026-07-30,12:45,Lido di Volano,0.0,,SSE
2026-07-30,12:55,Lido di Volano,0.0,,SSE
2026-07-30,13:01,Lido di Volano,0.0,,SSE
2026-07-30,13:15,Lido di Volano,0.0,,SSE
2026-07-30,13:31,Lido di Volano,0.0,,SSE
2026-07-30,13:45,Lido di Volano,0.0,,SSE
2026-07-30,14:01,Lido di Volano,0.0,,SSE
2026-07-30,14:22,Lido di Volano,0.0,,SSE
2026-07-30,14:31,Lido di Volano,0.0,,SSE
2026-07-30,14:45,Lido di Volano,0.0,,SSE
2026-07-30,15:01,Lido di Volano,0.0,,SSE
2026-07-30,15:15,Lido di Volano,0.0,,SSE
2026-07-30,15:31,Lido di Volano,0.0,,SSE
2026-07-30,15:45,Lido di Volano,0.0,,SSE
2026-07-30,16:01,Lido di Volano,0.0,,SSE
2026-07-30,16:15,Lido di Volano,0.0,,SSE
2026-07-30,16:31,Lido di Volano,0.0,,SSE
2026-07-30,16:38,Lido di Volano,0.0,,SSE
2026-07-30,16:45,Lido di Volano,0.0,,SSE
2026-07-30,17:01,Lido di Volano,0.0,,SSE
2026-07-30,17:16,Lido di Volano,0.0,,SSE
2026-07-30,17:31,Lido di Volano,0.0,,SSE
2026-07-30,17:45,Lido di Volano,0.0,,SSE
2026-07-30,18:01,Lido di Volano,0.0,,SSE
2026-07-30,18:12,Lido di Volano,0.0,,SSE
2026-07-30,18:15,Lido di Volano,0.0,,SSE
2026-07-30,18:31,Lido di Volano,0.0,,SSE
2026-07-30,18:45,Lido di Volano,0.0,,SSE
2026-07-31,09:01,Porto Corsini,7.8,7.8,WNW
2026-07-31,09:15,Porto Corsini,5.2,8.7,WNW
2026-07-31,09:31,Porto Corsini,3.5,9.6,NW
2026-07-31,09:42,Porto Corsini,3.5,9.6,NNW
2026-07-31,09:45,Porto Corsini,5.2,8.7,NW
2026-07-31,10:01,Porto Corsini,4.3,8.7,NW
2026-07-31,10:15,Porto Corsini,4.3,8.7,WNW
2026-07-31,10:31,Porto Corsini,4.3,7.8,NW
2026-07-31,10:45,Porto Corsini,4.3,7.8,NW
2026-07-31,11:01,Porto Corsini,5.2,7.0,NNW
2026-07-31,11:15,Porto Corsini,1.7,8.7,NW
2026-07-31,11:31,Porto Corsini,2.6,5.2,E
2026-07-31,11:45,Porto Corsini,5.2,5.2,E
2026-07-31,12:01,Porto Corsini,6.1,5.2,E
2026-07-31,12:14,Porto Corsini,6.1,7.0,E
2026-07-31,12:15,Porto Corsini,6.1,7.0,E
2026-07-31,12:31,Porto Corsini,6.1,7.0,ESE
2026-07-31,12:46,Porto Corsini,5.2,7.0,ESE
2026-07-31,13:01,Porto Corsini,5.2,7.0,ESE
2026-07-31,13:15,Porto Corsini,5.2,7.0,ESE
2026-07-31,13:31,Porto Corsini,6.1,7.8,ESE
2026-07-31,13:46,Porto Corsini,7.0,7.0,E
2026-07-31,14:01,Porto Corsini,7.8,8.7,E
2026-07-31,14:15,Porto Corsini,7.8,7.8,E
2026-07-31,14:16,Porto Corsini,7.8,8.7,E
2026-07-31,14:31,Porto Corsini,6.1,8.7,E
2026-07-31,14:45,Porto Corsini,6.1,7.8,E
2026-07-31,15:01,Porto Corsini,7.0,7.8,ESE
2026-07-31,15:15,Porto Corsini,7.8,7.0,ESE
2026-07-31,15:31,Porto Corsini,7.0,7.0,ESE
2026-07-31,15:45,Porto Corsini,6.1,7.0,SE
2026-07-31,16:01,Porto Corsini,5.2,7.0,ESE
2026-07-31,16:15,Porto Corsini,7.0,7.0,SE
2026-07-31,16:31,Porto Corsini,6.1,7.8,SE
2026-07-31,16:43,Porto Corsini,7.8,7.0,SE
2026-07-31,16:45,Porto Corsini,6.1,7.0,SE
2026-07-31,17:01,Porto Corsini,4.3,6.1,SSE
2026-07-31,17:15,Porto Corsini,4.3,6.1,SE
2026-07-31,17:31,Porto Corsini,4.3,6.1,SE
2026-07-31,17:45,Porto Corsini,4.3,7.0,SE
2026-07-31,18:01,Porto Corsini,7.8,8.7,SE
2026-07-31,18:15,Porto Corsini,9.6,7.8,SE
2026-07-31,18:23,Porto Corsini,7.0,7.8,SE
2026-07-31,18:31,Porto Corsini,6.1,7.8,SE
2026-07-31,18:45,Porto Corsini,6.1,7.0,SSE
2026-07-31,09:01,Lido di Volano,0.0,,SSE
2026-07-31,09:15,Lido di Volano,0.0,,SSE
2026-07-31,09:31,Lido di Volano,0.0,,SSE
2026-07-31,09:42,Lido di Volano,0.0,,SSE
2026-07-31,09:45,Lido di Volano,0.0,,SSE
2026-07-31,10:01,Lido di Volano,0.0,,SSE
2026-07-31,10:15,Lido di Volano,0.0,,SSE
2026-07-31,10:31,Lido di Volano,0.0,,SSE
2026-07-31,10:45,Lido di Volano,0.0,,SSE
2026-07-31,11:01,Lido di Volano,0.0,,SSE
2026-07-31,11:15,Lido di Volano,0.0,,SSE
2026-07-31,11:31,Lido di Volano,0.0,,SSE
2026-07-31,11:45,Lido di Volano,0.0,,SSE
2026-07-31,12:01,Lido di Volano,0.0,,SSE
2026-07-31,12:14,Lido di Volano,0.0,,SSE
2026-07-31,12:15,Lido di Volano,0.0,,SSE
2026-07-31,12:31,Lido di Volano,0.0,,SSE
2026-07-31,12:46,Lido di Volano,0.0,,SSE
2026-07-31,13:01,Lido di Volano,0.0,,SSE
2026-07-31,13:15,Lido di Volano,0.0,,SSE
2026-07-31,13:31,Lido di Volano,0.0,,SSE
2026-07-31,13:46,Lido di Volano,0.0,,SSE
2026-07-31,14:01,Lido di Volano,0.0,,SSE
2026-07-31,14:15,Lido di Volano,0.0,,SSE
2026-07-31,14:31,Lido di Volano,0.0,,SSE
2026-07-31,14:45,Lido di Volano,0.0,,SSE
2026-07-31,15:01,Lido di Volano,0.0,,SSE
2026-07-31,15:15,Lido di Volano,0.0,,SSE
2026-07-31,15:31,Lido di Volano,0.0,,SSE
2026-07-31,15:45,Lido di Volano,0.0,,SSE
2026-07-31,16:01,Lido di Volano,0.0,,SSE
2026-07-31,16:15,Lido di Volano,0.0,,SSE
2026-07-31,16:31,Lido di Volano,0.0,,SSE
2026-07-31,16:43,Lido di Volano,0.0,,SSE
2026-07-31,16:45,Lido di Volano,0.0,,SSE
2026-07-31,17:01,Lido di Volano,0.0,,SSE
2026-07-31,17:15,Lido di Volano,0.0,,SSE
2026-07-31,17:31,Lido di Volano,0.0,,SSE
2026-07-31,17:45,Lido di Volano,0.0,,SSE
2026-07-31,18:01,Lido di Volano,0.0,,SSE
2026-07-31,18:15,Lido di Volano,0.0,,SSE
2026-07-31,18:23,Lido di Volano,0.0,,SSE
2026-07-31,18:31,Lido di Volano,0.0,,SSE
2026-07-31,18:45,Lido di Volano,0.0,,SSE
2026-08-01,09:01,Porto Corsini,4.3,7.0,NW
2026-08-01,09:11,Porto Corsini,2.6,8.7,NNW
2026-08-01,09:15,Porto Corsini,2.6,8.7,NNW
2026-08-01,09:31,Porto Corsini,3.5,7.8,N
2026-08-01,09:45,Porto Corsini,7.0,8.7,NNW
2026-08-01,10:01,Porto Corsini,3.5,5.2,NNW
2026-08-01,10:15,Porto Corsini,3.5,7.0,NNW
2026-08-01,10:31,Porto Corsini,3.5,7.0,W
2026-08-01,10:45,Porto Corsini,3.5,7.0,NW
2026-08-01,11:01,Porto Corsini,3.5,6.1,NE
2026-08-01,11:15,Porto Corsini,3.5,5.2,ENE
2026-08-01,11:18,Porto Corsini,4.3,4.3,E
2026-08-01,11:31,Porto Corsini,3.5,5.2,E
2026-08-01,11:45,Porto Corsini,3.5,5.2,E
2026-08-01,12:01,Porto Corsini,6.1,6.1,E
2026-08-01,12:15,Porto Corsini,7.0,7.0,E
2026-08-01,12:31,Porto Corsini,6.1,7.0,E
2026-08-01,12:45,Porto Corsini,6.1,7.0,E
2026-08-01,12:53,Porto Corsini,6.1,7.0,E
2026-08-01,13:01,Porto Corsini,7.0,7.8,E
2026-08-01,13:15,Porto Corsini,7.8,7.0,E
2026-08-01,13:31,Porto Corsini,7.0,7.8,ESE
2026-08-01,13:45,Porto Corsini,7.0,7.8,ESE
2026-08-01,13:53,Porto Corsini,8.7,8.7,E
2026-08-01,14:01,Porto Corsini,7.8,8.7,E
2026-08-01,14:15,Porto Corsini,9.6,9.6,ESE
2026-08-01,14:31,Porto Corsini,9.6,8.7,E
2026-08-01,14:45,Porto Corsini,7.8,8.7,ESE
2026-08-01,14:48,Porto Corsini,7.8,8.7,ESE
2026-08-01,15:01,Porto Corsini,7.0,7.0,SE
2026-08-01,15:15,Porto Corsini,7.8,7.8,ESE
2026-08-01,15:31,Porto Corsini,7.8,7.8,ESE
2026-08-01,15:45,Porto Corsini,7.8,7.8,ESE
2026-08-01,16:01,Porto Corsini,4.3,7.8,SE
2026-08-01,16:15,Porto Corsini,7.0,7.0,SE
2026-08-01,16:19,Porto Corsini,6.1,7.0,SE
2026-08-01,16:31,Porto Corsini,7.0,7.0,SE
2026-08-01,16:45,Porto Corsini,6.1,7.0,SE
2026-08-01,17:01,Porto Corsini,7.0,7.0,SE
2026-08-01,17:15,Porto Corsini,6.1,7.0,ESE
2026-08-01,17:31,Porto Corsini,3.5,6.1,ESE
2026-08-01,17:33,Porto Corsini,4.3,6.1,SE
2026-08-01,17:45,Porto Corsini,4.3,6.1,SE
2026-08-01,18:01,Porto Corsini,4.3,6.1,SE
2026-08-01,18:15,Porto Corsini,6.1,7.0,SE
2026-08-01,18:31,Porto Corsini,7.0,7.8,SE
2026-08-01,18:34,Porto Corsini,5.2,7.0,SSE
2026-08-01,18:45,Porto Corsini,7.0,7.8,SE
2026-08-01,09:01,Lido di Volano,0.0,,SSE
2026-08-01,09:11,Lido di Volano,0.0,,SSE
2026-08-01,09:15,Lido di Volano,0.0,,SSE
2026-08-01,09:31,Lido di Volano,0.0,,SSE
2026-08-01,09:45,Lido di Volano,0.0,,SSE
2026-08-01,10:01,Lido di Volano,0.0,,SSE
2026-08-01,10:15,Lido di Volano,0.0,,SSE
2026-08-01,10:31,Lido di Volano,1.8,,ESE
2026-08-01,10:45,Lido di Volano,0.0,,ESE
2026-08-01,11:01,Lido di Volano,2.9,,SSE
2026-08-01,11:15,Lido di Volano,3.1,,S
2026-08-01,11:18,Lido di Volano,3.1,,S
2026-08-01,11:31,Lido di Volano,3.9,,S
2026-08-01,11:45,Lido di Volano,3.1,,SSE
2026-08-01,12:01,Lido di Volano,2.9,,S
2026-08-01,12:15,Lido di Volano,2.5,,SSE
2026-08-01,12:31,Lido di Volano,4.3,,SSE
2026-08-01,12:45,Lido di Volano,3.7,,SE
2026-08-01,13:01,Lido di Volano,3.7,,SE
2026-08-01,13:15,Lido di Volano,3.9,,SSE
2026-08-01,13:31,Lido di Volano,4.7,,SE
2026-08-01,13:45,Lido di Volano,5.6,,SE
2026-08-01,13:53,Lido di Volano,5.1,,SE
2026-08-01,14:01,Lido di Volano,5.1,,SSE
2026-08-01,14:15,Lido di Volano,5.4,,SE
2026-08-01,14:31,Lido di Volano,5.1,,SE
2026-08-01,14:45,Lido di Volano,5.1,,SE
2026-08-01,14:48,Lido di Volano,5.6,,SE
2026-08-01,15:01,Lido di Volano,6.2,,ESE
2026-08-01,15:15,Lido di Volano,6.4,,SE
2026-08-01,15:31,Lido di Volano,5.6,,SE
2026-08-01,15:45,Lido di Volano,5.4,,SE
2026-08-01,16:01,Lido di Volano,6.0,,SE
2026-08-01,16:15,Lido di Volano,5.8,,SE
2026-08-01,16:19,Lido di Volano,5.8,,SE
2026-08-01,16:31,Lido di Volano,5.8,,SE
2026-08-01,16:45,Lido di Volano,5.4,,SE
2026-08-01,17:15,Lido di Volano,4.1,,SE
2026-08-01,17:31,Lido di Volano,4.9,,SE
2026-08-01,17:33,Lido di Volano,4.9,,SE
2026-08-01,17:45,Lido di Volano,4.9,,SE
2026-08-01,18:01,Lido di Volano,5.6,,SE
2026-08-01,18:15,Lido di Volano,4.7,,SE
2026-08-01,18:31,Lido di Volano,4.7,,SE
2026-08-01,18:34,Lido di Volano,4.7,,SE
2026-08-01,18:45,Lido di Volano,4.7,,SE
2026-08-02,09:01,Porto Corsini,6.1,9.6,W
2026-08-02,09:14,Porto Corsini,3.5,8.7,NW
2026-08-02,09:15,Porto Corsini,7.0,9.6,WNW
2026-08-02,09:30,Porto Corsini,6.1,9.6,WNW
2026-08-02,09:45,Porto Corsini,5.2,7.8,W
2026-08-02,10:01,Porto Corsini,4.3,7.0,NNW
2026-08-02,10:15,Porto Corsini,4.3,7.0,WNW
2026-08-02,10:31,Porto Corsini,2.6,4.3,NNE
2026-08-02,10:45,Porto Corsini,3.5,4.3,ENE
2026-08-02,11:01,Porto Corsini,4.3,5.2,ENE
2026-08-02,11:15,Porto Corsini,7.0,7.0,ENE
2026-08-02,11:20,Porto Corsini,5.2,6.1,ENE
2026-08-02,11:31,Porto Corsini,7.0,7.8,E
2026-08-02,11:46,Porto Corsini,6.1,7.8,ENE
2026-08-02,12:01,Porto Corsini,7.0,7.8,ENE
2026-08-02,12:15,Porto Corsini,7.0,7.8,ENE
2026-08-02,12:31,Porto Corsini,8.7,9.6,ENE
2026-08-02,12:45,Porto Corsini,7.0,9.6,E
2026-08-02,12:54,Porto Corsini,8.7,9.6,ENE
2026-08-02,13:01,Porto Corsini,7.8,9.6,ENE
2026-08-02,13:15,Porto Corsini,7.0,8.7,E
2026-08-02,13:30,Porto Corsini,7.8,8.7,E
2026-08-02,13:45,Porto Corsini,7.8,8.7,E
2026-08-02,13:50,Porto Corsini,8.7,8.7,E
2026-08-02,14:01,Porto Corsini,7.0,9.6,E
2026-08-02,14:15,Porto Corsini,10.4,10.4,E
2026-08-02,14:31,Porto Corsini,8.7,10.4,E
2026-08-02,14:45,Porto Corsini,8.7,9.6,E
2026-08-02,14:51,Porto Corsini,9.6,9.6,E
2026-08-02,15:01,Porto Corsini,8.7,9.6,E
2026-08-02,15:15,Porto Corsini,10.4,10.4,E
2026-08-02,15:31,Porto Corsini,10.4,9.6,E
2026-08-02,15:45,Porto Corsini,11.3,10.4,E
2026-08-02,16:01,Porto Corsini,7.8,11.3,ESE
2026-08-02,16:15,Porto Corsini,10.4,10.4,E
2026-08-02,16:20,Porto Corsini,9.6,9.6,E
2026-08-02,16:30,Porto Corsini,11.3,10.4,ESE
2026-08-02,16:45,Porto Corsini,7.8,9.6,ESE
2026-08-02,17:01,Porto Corsini,7.8,8.7,ESE
2026-08-02,17:15,Porto Corsini,7.8,7.8,ESE
2026-08-02,17:31,Porto Corsini,8.7,7.8,SE
2026-08-02,17:33,Porto Corsini,7.0,7.8,ESE
2026-08-02,17:45,Porto Corsini,6.1,8.7,ESE
2026-08-02,18:01,Porto Corsini,6.1,7.0,ESE
2026-08-02,18:15,Porto Corsini,4.3,6.1,SE
2026-08-02,18:31,Porto Corsini,6.1,6.1,ESE
2026-08-02,18:34,Porto Corsini,3.5,6.1,SE
2026-08-02,18:45,Porto Corsini,5.2,5.2,ESE
2026-08-02,09:01,Lido di Volano,0.6,,N
2026-08-02,09:14,Lido di Volano,0.0,,N
2026-08-02,09:15,Lido di Volano,0.0,,N
2026-08-02,09:30,Lido di Volano,0.0,,NE
2026-08-02,09:45,Lido di Volano,1.4,,ENE
2026-08-02,10:01,Lido di Volano,2.1,,E
2026-08-02,10:15,Lido di Volano,2.3,,ENE
2026-08-02,10:31,Lido di Volano,0.0,,ENE
2026-08-02,10:45,Lido di Volano,0.0,,ENE
2026-08-02,11:01,Lido di Volano,1.6,,E
2026-08-02,11:15,Lido di Volano,6.0,,SE
2026-08-02,11:20,Lido di Volano,5.1,,SE
2026-08-02,11:31,Lido di Volano,5.6,,ESE
2026-08-02,11:46,Lido di Volano,4.1,,SE
2026-08-02,12:01,Lido di Volano,4.7,,ESE
2026-08-02,12:31,Lido di Volano,5.8,,SE
2026-08-02,12:45,Lido di Volano,6.0,,ESE
2026-08-02,12:54,Lido di Volano,6.6,,SE
2026-08-02,13:01,Lido di Volano,6.6,,ESE
2026-08-02,13:15,Lido di Volano,7.2,,ESE
2026-08-02,13:30,Lido di Volano,7.4,,ESE
2026-08-02,13:45,Lido di Volano,8.0,,ESE
2026-08-02,13:50,Lido di Volano,8.4,,ESE
2026-08-02,14:01,Lido di Volano,8.2,,ESE
2026-08-02,14:15,Lido di Volano,7.8,,ESE
2026-08-02,14:31,Lido di Volano,8.2,,ESE
2026-08-02,14:45,Lido di Volano,8.2,,ESE
2026-08-02,14:51,Lido di Volano,7.4,,ESE
2026-08-02,15:01,Lido di Volano,8.6,,ESE
2026-08-02,15:15,Lido di Volano,7.2,,ESE
2026-08-02,15:31,Lido di Volano,8.6,,E
2026-08-02,15:45,Lido di Volano,10.1,,ESE
2026-08-02,16:01,Lido di Volano,8.2,,ESE
2026-08-02,16:15,Lido di Volano,6.8,,E
2026-08-02,16:20,Lido di Volano,7.2,,ESE
2026-08-02,16:30,Lido di Volano,6.8,,E
2026-08-02,16:45,Lido di Volano,7.8,,E
2026-08-02,17:01,Lido di Volano,7.4,,E
2026-08-02,17:15,Lido di Volano,8.4,,ESE
2026-08-02,17:31,Lido di Volano,7.8,,E
2026-08-02,17:33,Lido di Volano,7.8,,E
2026-08-02,17:45,Lido di Volano,8.9,,E
2026-08-02,18:01,Lido di Volano,7.0,,E
2026-08-02,18:15,Lido di Volano,6.6,,E
2026-08-02,18:31,Lido di Volano,6.4,,ESE
2026-08-02,18:34,Lido di Volano,5.8,,E
2026-08-02,18:45,Lido di Volano,5.8,,E
2026-08-03,09:01,Porto Corsini,3.5,8.7,N
2026-08-03,09:15,Porto Corsini,3.5,8.7,WNW
2026-08-03,09:31,Porto Corsini,1.7,8.7,NW
2026-08-03,09:45,Porto Corsini,5.2,8.7,NW
2026-08-03,10:01,Porto Corsini,3.5,9.6,NW
2026-08-03,10:15,Porto Corsini,4.3,7.8,WNW
2026-08-03,10:17,Porto Corsini,3.5,7.8,NW
2026-08-03,10:31,Porto Corsini,4.3,7.8,NW
2026-08-03,10:46,Porto Corsini,7.0,8.7,NW
2026-08-03,11:02,Porto Corsini,3.5,7.8,N
2026-08-03,11:16,Porto Corsini,4.3,8.7,NNW
2026-08-03,11:31,Porto Corsini,4.3,5.2,NE
2026-08-03,11:45,Porto Corsini,4.3,7.0,NE
2026-08-03,12:01,Porto Corsini,5.2,7.8,NE
2026-08-03,12:15,Porto Corsini,7.8,7.8,ENE
2026-08-03,12:31,Porto Corsini,7.0,7.8,ENE
2026-08-03,12:45,Porto Corsini,7.0,8.7,ENE
2026-08-03,13:01,Porto Corsini,8.7,8.7,ENE
2026-08-03,13:15,Porto Corsini,8.7,8.7,ENE
2026-08-03,13:31,Porto Corsini,7.8,10.4,ENE
2026-08-03,13:45,Porto Corsini,8.7,9.6,E
2026-08-03,13:51,Porto Corsini,7.8,9.6,E
2026-08-03,14:01,Porto Corsini,8.7,8.7,E
2026-08-03,14:15,Porto Corsini,7.8,8.7,E
2026-08-03,14:31,Porto Corsini,8.7,8.7,E
2026-08-03,14:45,Porto Corsini,7.8,7.8,ESE
2026-08-03,15:01,Porto Corsini,7.0,7.0,ESE
2026-08-03,15:15,Porto Corsini,7.0,7.0,ESE
2026-08-03,15:31,Porto Corsini,7.8,7.0,ESE
2026-08-03,15:45,Porto Corsini,7.0,7.8,ESE
2026-08-03,16:01,Porto Corsini,7.8,7.8,SE
2026-08-03,16:09,Porto Corsini,8.7,8.7,SE
2026-08-03,16:15,Porto Corsini,7.8,7.8,ESE
2026-08-03,16:31,Porto Corsini,10.4,10.4,SE
2026-08-03,16:45,Porto Corsini,8.7,10.4,SSE
2026-08-03,17:01,Porto Corsini,11.3,10.4,SE
2026-08-03,17:15,Porto Corsini,11.3,10.4,SE
2026-08-03,17:31,Porto Corsini,7.0,8.7,SSE
2026-08-03,17:45,Porto Corsini,8.7,8.7,SSE
2026-08-03,18:01,Porto Corsini,7.0,8.7,S
2026-08-03,18:15,Porto Corsini,7.8,9.6,SE
2026-08-03,18:31,Porto Corsini,6.1,9.6,SSE
2026-08-03,18:38,Porto Corsini,7.0,10.4,SSE
2026-08-03,18:45,Porto Corsini,9.6,10.4,SSE
2026-08-03,09:01,Lido di Volano,4.9,,ENE
2026-08-03,09:15,Lido di Volano,4.9,,ENE
2026-08-03,09:31,Lido di Volano,4.9,,ENE
2026-08-03,09:45,Lido di Volano,4.9,,ENE
2026-08-03,10:01,Lido di Volano,4.9,,ENE
2026-08-03,10:15,Lido di Volano,4.9,,ENE
2026-08-03,10:17,Lido di Volano,4.9,,ENE
2026-08-03,10:31,Lido di Volano,4.9,,ENE
2026-08-03,10:46,Lido di Volano,4.9,,ENE
2026-08-03,11:02,Lido di Volano,4.9,,ENE
2026-08-03,11:16,Lido di Volano,4.9,,ENE
2026-08-03,11:31,Lido di Volano,4.9,,ENE
2026-08-03,11:45,Lido di Volano,4.9,,ENE
2026-08-03,12:01,Lido di Volano,4.9,,ENE
2026-08-03,12:15,Lido di Volano,4.9,,ENE
2026-08-03,12:31,Lido di Volano,4.9,,ENE
2026-08-03,12:45,Lido di Volano,4.9,,ENE
2026-08-03,13:01,Lido di Volano,4.9,,ENE
2026-08-03,13:15,Lido di Volano,4.9,,ENE
2026-08-03,13:31,Lido di Volano,4.9,,ENE
2026-08-03,13:45,Lido di Volano,4.9,,ENE
2026-08-03,13:51,Lido di Volano,4.9,,ENE
2026-08-03,14:01,Lido di Volano,4.9,,ENE
2026-08-03,14:15,Lido di Volano,4.9,,ENE
2026-08-03,14:31,Lido di Volano,4.9,,ENE
2026-08-03,14:45,Lido di Volano,4.9,,ENE
2026-08-03,15:01,Lido di Volano,4.9,,ENE
2026-08-03,15:15,Lido di Volano,6.2,,SE
2026-08-03,15:31,Lido di Volano,5.6,,SE
2026-08-03,15:45,Lido di Volano,5.6,,ESE
2026-08-03,16:01,Lido di Volano,5.6,,ESE
2026-08-03,16:09,Lido di Volano,5.6,,ESE
2026-08-03,16:15,Lido di Volano,7.2,,SE
2026-08-03,16:45,Lido di Volano,7.2,,ESE
2026-08-03,17:01,Lido di Volano,8.0,,SE
2026-08-03,17:15,Lido di Volano,7.4,,SE
2026-08-03,17:31,Lido di Volano,7.8,,SE
2026-08-03,17:45,Lido di Volano,7.0,,SE
2026-08-03,18:01,Lido di Volano,7.4,,SSE
2026-08-03,18:15,Lido di Volano,7.4,,SSE
2026-08-03,18:31,Lido di Volano,6.2,,SSE
2026-08-03,18:38,Lido di Volano,6.2,,SSE
2026-08-03,18:45,Lido di Volano,7.8,,SSE
2026-08-04,09:01,Porto Corsini,3.5,7.0,NNW
2026-08-04,09:08,Porto Corsini,2.6,6.1,N
2026-08-04,09:15,Porto Corsini,3.5,7.8,NW
2026-08-04,09:31,Porto Corsini,2.6,8.7,NW
2026-08-04,09:45,Porto Corsini,2.6,7.8,WNW
2026-08-04,10:01,Porto Corsini,5.2,8.7,W
2026-08-04,10:15,Porto Corsini,4.3,10.4,WNW
2026-08-04,10:31,Porto Corsini,5.2,7.8,W
2026-08-04,10:45,Porto Corsini,2.6,7.0,NW
2026-08-04,11:01,Porto Corsini,3.5,6.1,N
2026-08-04,11:15,Porto Corsini,5.2,6.1,W
2026-08-04,11:31,Porto Corsini,5.2,4.3,ENE
2026-08-04,11:45,Porto Corsini,4.3,4.3,E
2026-08-04,11:47,Porto Corsini,6.1,4.3,E
2026-08-04,12:01,Porto Corsini,7.8,7.8,E
2026-08-04,12:16,Porto Corsini,7.8,8.7,E
2026-08-04,12:31,Porto Corsini,7.8,8.7,E
2026-08-04,12:45,Porto Corsini,8.7,8.7,E
2026-08-04,13:01,Porto Corsini,9.6,9.6,E
2026-08-04,13:15,Porto Corsini,8.7,9.6,E
2026-08-04,13:31,Porto Corsini,10.4,10.4,E
2026-08-04,13:45,Porto Corsini,8.7,10.4,E
2026-08-04,13:52,Porto Corsini,10.4,9.6,ESE
2026-08-04,14:01,Porto Corsini,10.4,9.6,ESE
2026-08-04,14:15,Porto Corsini,11.3,10.4,ESE
2026-08-04,14:31,Porto Corsini,12.1,10.4,ESE
2026-08-04,14:45,Porto Corsini,11.3,10.4,ESE
2026-08-04,15:01,Porto Corsini,11.3,11.3,ESE
2026-08-04,15:15,Porto Corsini,12.1,10.4,ESE
2026-08-04,15:31,Porto Corsini,11.3,10.4,ESE
2026-08-04,15:45,Porto Corsini,12.1,9.6,SE
2026-08-04,16:01,Porto Corsini,8.7,11.3,SE
2026-08-04,16:15,Porto Corsini,10.4,10.4,SE
2026-08-04,16:31,Porto Corsini,11.3,9.6,SE
2026-08-04,16:46,Porto Corsini,11.3,10.4,SSE
2026-08-04,17:01,Porto Corsini,10.4,11.3,SSE
2026-08-04,17:15,Porto Corsini,11.3,12.2,SSE
2026-08-04,17:31,Porto Corsini,10.4,11.3,SE
2026-08-04,17:45,Porto Corsini,11.3,13.0,SSE
2026-08-04,17:59,Porto Corsini,6.1,11.3,SSE
2026-08-04,18:01,Porto Corsini,9.6,11.3,SSE
2026-08-04,18:15,Porto Corsini,12.1,11.3,S
2026-08-04,18:31,Porto Corsini,9.6,12.2,SSE
2026-08-04,18:45,Porto Corsini,10.4,9.6,S
2026-08-04,09:01,Lido di Volano,0.0,,?
2026-08-04,09:08,Lido di Volano,0.0,,?
2026-08-04,09:15,Lido di Volano,0.0,,?
2026-08-04,09:31,Lido di Volano,0.0,,?
2026-08-04,09:45,Lido di Volano,0.0,,?
2026-08-04,10:01,Lido di Volano,0.0,,?
2026-08-04,10:15,Lido di Volano,0.0,,?
2026-08-04,10:31,Lido di Volano,0.0,,S
2026-08-04,10:45,Lido di Volano,0.0,,SSE
2026-08-04,11:01,Lido di Volano,0.0,,ESE
2026-08-04,11:15,Lido di Volano,4.1,,ESE
2026-08-04,11:31,Lido di Volano,3.7,,SE
2026-08-04,11:45,Lido di Volano,4.7,,SE
2026-08-04,11:47,Lido di Volano,4.7,,SE
2026-08-04,12:01,Lido di Volano,5.1,,SE
2026-08-04,12:16,Lido di Volano,5.1,,SE
2026-08-04,12:31,Lido di Volano,4.9,,ESE
2026-08-04,12:45,Lido di Volano,5.8,,SE
2026-08-04,13:01,Lido di Volano,6.4,,ESE
2026-08-04,13:15,Lido di Volano,6.0,,SE
2026-08-04,13:31,Lido di Volano,6.0,,SE
2026-08-04,13:45,Lido di Volano,8.7,,SE
2026-08-04,13:52,Lido di Volano,8.6,,SE
2026-08-04,14:01,Lido di Volano,8.2,,SE
2026-08-04,14:15,Lido di Volano,8.7,,ESE
2026-08-04,14:31,Lido di Volano,8.7,,ESE
2026-08-04,14:45,Lido di Volano,8.7,,ESE
2026-08-04,15:01,Lido di Volano,10.1,,SE
2026-08-04,15:15,Lido di Volano,10.1,,SE
2026-08-04,15:31,Lido di Volano,9.3,,SE
2026-08-04,15:45,Lido di Volano,9.3,,SE
2026-08-04,16:01,Lido di Volano,9.3,,SE
2026-08-04,16:15,Lido di Volano,10.1,,SE
2026-08-04,16:31,Lido di Volano,10.3,,SE
2026-08-04,16:46,Lido di Volano,10.3,,SE
2026-08-04,17:01,Lido di Volano,10.3,,SE
2026-08-04,17:15,Lido di Volano,10.3,,SE
2026-08-04,17:31,Lido di Volano,10.3,,SE
2026-08-04,17:45,Lido di Volano,10.3,,SE
2026-08-04,17:59,Lido di Volano,10.3,,SE
2026-08-04,18:01,Lido di Volano,10.3,,SE
2026-08-04,18:15,Lido di Volano,10.3,,SE
2026-08-04,18:31,Lido di Volano,10.3,,SE
2026-08-04,18:45,Lido di Volano,10.3,,SE
2026-08-05,09:01,Porto Corsini,3.5,7.8,WNW
2026-08-05,09:15,Porto Corsini,2.6,8.7,WNW
2026-08-05,09:31,Porto Corsini,6.1,8.7,WNW
2026-08-05,09:45,Porto Corsini,2.6,9.6,WNW
2026-08-05,10:01,Porto Corsini,6.1,11.3,WNW
2026-08-05,10:15,Porto Corsini,6.1,10.4,NW
2026-08-05,10:31,Porto Corsini,5.2,9.6,NNW
2026-08-05,10:45,Porto Corsini,2.6,8.7,WNW
2026-08-05,11:01,Porto Corsini,4.3,11.3,NW
2026-08-05,11:14,Porto Corsini,7.0,13.9,NW
2026-08-05,11:15,Porto Corsini,3.5,11.3,NNW
2026-08-05,11:31,Porto Corsini,4.3,8.7,WNW
2026-08-05,11:45,Porto Corsini,7.0,7.8,N
2026-08-05,12:01,Porto Corsini,0.9,8.7,WNW
2026-08-05,12:15,Porto Corsini,2.6,6.1,ENE
2026-08-05,12:31,Porto Corsini,5.2,6.1,ENE
2026-08-05,12:45,Porto Corsini,7.8,7.8,E
2026-08-05,13:01,Porto Corsini,8.7,8.7,E
2026-08-05,13:15,Porto Corsini,8.7,9.6,E
2026-08-05,13:28,Porto Corsini,7.0,9.6,ENE
2026-08-05,13:31,Porto Corsini,7.8,9.6,E
2026-08-05,13:45,Porto Corsini,7.8,8.7,E
2026-08-05,14:01,Porto Corsini,8.7,9.6,E
2026-08-05,14:15,Porto Corsini,8.7,9.6,E
2026-08-05,14:31,Porto Corsini,8.7,7.8,ESE
2026-08-05,14:45,Porto Corsini,8.7,7.8,ESE
2026-08-05,15:01,Porto Corsini,7.0,7.8,ESE
2026-08-05,15:09,Porto Corsini,8.7,8.7,ESE
2026-08-05,15:15,Porto Corsini,9.6,8.7,ESE
2026-08-05,15:31,Porto Corsini,8.7,9.6,ESE
2026-08-05,15:45,Porto Corsini,7.0,9.6,SE
2026-08-05,16:01,Porto Corsini,9.6,9.6,SE
2026-08-05,16:15,Porto Corsini,7.8,9.6,SE
2026-08-05,16:31,Porto Corsini,7.8,8.7,SE
2026-08-05,16:45,Porto Corsini,9.6,8.7,SE
2026-08-05,17:01,Porto Corsini,8.7,9.6,SE
2026-08-05,17:15,Porto Corsini,10.4,9.6,SE
2026-08-05,17:24,Porto Corsini,11.3,8.7,SSE
2026-08-05,17:31,Porto Corsini,11.3,9.6,SSE
2026-08-05,17:45,Porto Corsini,10.4,9.6,SSE
2026-08-05,18:01,Porto Corsini,9.6,9.6,SSE
2026-08-05,18:15,Porto Corsini,8.7,7.8,N
2026-08-05,18:31,Porto Corsini,8.7,9.6,SSE
2026-08-05,18:45,Porto Corsini,7.0,9.6,SSE
2026-08-05,18:56,Porto Corsini,8.7,9.6,SSW
2026-08-05,09:01,Lido di Volano,10.3,,SE
2026-08-05,09:15,Lido di Volano,10.3,,SE
2026-08-05,09:31,Lido di Volano,10.3,,SE
2026-08-05,09:45,Lido di Volano,10.3,,SE
2026-08-05,10:01,Lido di Volano,10.3,,SE
2026-08-05,10:15,Lido di Volano,10.3,,SE
2026-08-05,10:31,Lido di Volano,10.3,,SE
2026-08-05,10:45,Lido di Volano,10.3,,SE
2026-08-05,11:01,Lido di Volano,10.3,,SE
2026-08-05,11:14,Lido di Volano,10.3,,SE
2026-08-05,11:15,Lido di Volano,10.3,,SE
2026-08-05,11:31,Lido di Volano,10.3,,SE
2026-08-05,11:45,Lido di Volano,10.3,,SE
2026-08-05,12:01,Lido di Volano,10.3,,SE
2026-08-05,12:15,Lido di Volano,10.3,,SE
2026-08-05,12:31,Lido di Volano,10.3,,SE
2026-08-05,12:45,Lido di Volano,10.3,,SE
2026-08-05,13:15,Lido di Volano,10.3,,SE
2026-08-05,13:28,Lido di Volano,10.3,,SE
2026-08-05,13:31,Lido di Volano,10.3,,SE
2026-08-05,13:45,Lido di Volano,10.3,,SE
2026-08-05,14:01,Lido di Volano,10.3,,SE
2026-08-05,14:31,Lido di Volano,10.3,,SE
2026-08-05,14:45,Lido di Volano,10.3,,SE
2026-08-05,15:01,Lido di Volano,10.3,,SE
2026-08-05,15:09,Lido di Volano,10.3,,SE
2026-08-05,15:15,Lido di Volano,10.3,,SE
2026-08-05,15:31,Lido di Volano,10.3,,SE
2026-08-05,15:45,Lido di Volano,10.3,,SE
2026-08-05,16:01,Lido di Volano,10.3,,SE
2026-08-05,16:15,Lido di Volano,10.3,,SE
2026-08-05,16:31,Lido di Volano,10.3,,SE
2026-08-05,16:45,Lido di Volano,10.3,,SE
2026-08-05,17:01,Lido di Volano,10.3,,SE
2026-08-05,17:15,Lido di Volano,10.3,,SE
2026-08-05,17:24,Lido di Volano,10.3,,SE
2026-08-05,17:31,Lido di Volano,10.3,,SE
2026-08-05,17:45,Lido di Volano,10.3,,SE
2026-08-05,18:01,Lido di Volano,10.3,,SE
2026-08-05,18:15,Lido di Volano,10.3,,SE
2026-08-05,18:31,Lido di Volano,10.3,,SE
2026-08-05,18:45,Lido di Volano,10.3,,SE
2026-08-05,18:56,Lido di Volano,10.3,,SE
2026-08-06,09:01,Porto Corsini,7.0,7.8,WNW
2026-08-06,09:15,Porto Corsini,2.6,7.8,NW
2026-08-06,09:31,Porto Corsini,6.1,7.8,W
2026-08-06,09:45,Porto Corsini,2.6,7.8,NNW
2026-08-06,10:01,Porto Corsini,6.1,6.1,NW
2026-08-06,10:15,Porto Corsini,4.3,6.1,NNW
2026-08-06,10:31,Porto Corsini,2.6,5.2,NW
2026-08-06,10:45,Porto Corsini,0.9,6.1,ENE
2026-08-06,11:01,Porto Corsini,7.0,4.3,ENE
2026-08-06,11:04,Porto Corsini,5.2,5.2,ENE
2026-08-06,11:15,Porto Corsini,7.0,6.1,E
2026-08-06,11:31,Porto Corsini,6.1,7.8,ENE
2026-08-06,11:46,Porto Corsini,7.0,7.8,ENE
2026-08-06,12:01,Porto Corsini,8.7,7.8,ENE
2026-08-06,12:15,Porto Corsini,8.7,7.8,ENE
2026-08-06,12:31,Porto Corsini,8.7,8.7,E
2026-08-06,12:45,Porto Corsini,9.6,8.7,E
2026-08-06,13:01,Porto Corsini,8.7,9.6,E
2026-08-06,13:15,Porto Corsini,8.7,9.6,E
2026-08-06,13:30,Porto Corsini,10.4,9.6,E
2026-08-06,13:31,Porto Corsini,7.8,9.6,E
2026-08-06,13:45,Porto Corsini,10.4,9.6,E
2026-08-06,14:01,Porto Corsini,8.7,9.6,E
2026-08-06,14:15,Porto Corsini,10.4,9.6,E
2026-08-06,14:31,Porto Corsini,7.8,8.7,E
2026-08-06,14:45,Porto Corsini,8.7,8.7,ESE
2026-08-06,15:01,Porto Corsini,7.8,8.7,E
2026-08-06,15:15,Porto Corsini,7.8,7.8,ESE
2026-08-06,15:31,Porto Corsini,8.7,7.8,ESE
2026-08-06,15:45,Porto Corsini,8.7,7.8,ESE
2026-08-06,16:01,Porto Corsini,7.8,7.8,ESE
2026-08-06,16:15,Porto Corsini,7.8,8.7,SSE
2026-08-06,16:31,Porto Corsini,7.0,9.6,SE
2026-08-06,16:45,Porto Corsini,7.0,8.7,SSE
2026-08-06,17:01,Porto Corsini,8.7,9.6,SSE
2026-08-06,17:15,Porto Corsini,8.7,7.8,SSE
2026-08-06,17:36,Porto Corsini,8.7,8.7,SE
2026-08-06,09:01,Lido di Volano,10.3,,SE
2026-08-06,09:15,Lido di Volano,10.3,,SE
2026-08-06,09:31,Lido di Volano,10.3,,SE
2026-08-06,09:45,Lido di Volano,10.3,,SE
2026-08-06,10:01,Lido di Volano,10.3,,SE
2026-08-06,10:15,Lido di Volano,10.3,,SE
2026-08-06,10:31,Lido di Volano,10.3,,SE
2026-08-06,10:45,Lido di Volano,10.3,,SE
2026-08-06,11:01,Lido di Volano,10.3,,SE
2026-08-06,11:04,Lido di Volano,10.3,,SE
2026-08-06,11:15,Lido di Volano,10.3,,SE
2026-08-06,11:31,Lido di Volano,0.0,,?
2026-08-06,11:46,Lido di Volano,0.0,,?
2026-08-06,12:01,Lido di Volano,0.0,,?
2026-08-06,12:15,Lido di Volano,0.0,,?
2026-08-06,12:31,Lido di Volano,0.0,,?
2026-08-06,12:45,Lido di Volano,0.0,,?
2026-08-06,13:01,Lido di Volano,0.0,,?
2026-08-06,13:15,Lido di Volano,0.0,,?
2026-08-06,13:30,Lido di Volano,6.6,,SE
2026-08-06,13:31,Lido di Volano,6.6,,SE
2026-08-06,13:45,Lido di Volano,8.0,,SE
2026-08-06,14:01,Lido di Volano,7.2,,SE
2026-08-06,14:15,Lido di Volano,6.6,,SE
2026-08-06,14:31,Lido di Volano,6.4,,SE
2026-08-06,14:45,Lido di Volano,6.4,,SE
2026-08-06,15:01,Lido di Volano,6.4,,SE
2026-08-06,15:15,Lido di Volano,7.0,,SE
2026-08-06,15:31,Lido di Volano,7.0,,SE
2026-08-06,15:45,Lido di Volano,6.8,,SE
2026-08-06,16:01,Lido di Volano,8.0,,SE
2026-08-06,16:15,Lido di Volano,8.0,,SE
2026-08-06,16:31,Lido di Volano,8.0,,SE
2026-08-06,16:45,Lido di Volano,7.8,,SE
2026-08-06,17:01,Lido di Volano,6.6,,SSE
2026-08-06,17:15,Lido di Volano,7.6,,S
2026-08-06,17:36,Lido di Volano,7.6,,S
2026-08-07,09:01,Porto Corsini,3.5,7.8,WNW
2026-08-07,09:15,Porto Corsini,1.7,9.6,W
2026-08-07,09:31,Porto Corsini,3.5,10.4,WNW
2026-08-07,09:45,Porto Corsini,5.2,12.2,NNW
2026-08-07,09:55,Porto Corsini,10.4,12.2,N
2026-08-07,10:01,Porto Corsini,8.7,13.0,NNW
2026-08-07,10:15,Porto Corsini,4.3,11.3,NNW
2026-08-07,10:31,Porto Corsini,5.2,10.4,NNW
2026-08-07,10:44,Porto Corsini,7.0,10.4,NNW
2026-08-07,10:45,Porto Corsini,7.8,10.4,NW
2026-08-07,11:01,Porto Corsini,7.0,13.0,NW
2026-08-07,11:15,Porto Corsini,2.6,10.4,NNW
2026-08-07,11:31,Porto Corsini,5.2,10.4,N
2026-08-07,11:40,Porto Corsini,7.8,9.6,NW
2026-08-07,11:45,Porto Corsini,7.0,10.4,W
2026-08-07,12:01,Porto Corsini,8.7,13.0,NW
2026-08-07,12:15,Porto Corsini,3.5,11.3,NW
2026-08-07,12:31,Porto Corsini,11.3,7.0,NE
2026-08-07,12:46,Porto Corsini,9.6,10.4,NE
2026-08-07,13:01,Porto Corsini,8.7,11.3,ENE
2026-08-07,13:15,Porto Corsini,9.6,10.4,ENE
2026-08-07,13:28,Porto Corsini,9.6,10.4,ENE
2026-08-07,13:31,Porto Corsini,9.6,10.4,ENE
2026-08-07,13:45,Porto Corsini,7.8,8.7,ENE
2026-08-07,14:01,Porto Corsini,8.7,8.7,ENE
2026-08-07,14:07,Porto Corsini,9.6,8.7,ENE
2026-08-07,14:15,Porto Corsini,9.6,9.6,NE
2026-08-07,14:31,Porto Corsini,10.4,10.4,ENE
2026-08-07,14:45,Porto Corsini,9.6,10.4,ENE
2026-08-07,15:01,Porto Corsini,8.7,10.4,ENE
2026-08-07,15:15,Porto Corsini,8.7,9.6,ENE
2026-08-07,15:31,Porto Corsini,9.6,9.6,ENE
2026-08-07,15:34,Porto Corsini,8.7,9.6,ENE
2026-08-07,15:45,Porto Corsini,7.8,8.7,NE
2026-08-07,16:01,Porto Corsini,7.0,8.7,ENE
2026-08-07,16:15,Porto Corsini,7.0,8.7,E
2026-08-07,16:31,Porto Corsini,7.0,7.8,E
2026-08-07,16:36,Porto Corsini,7.0,7.8,ENE
2026-08-07,16:45,Porto Corsini,7.8,7.8,ENE
2026-08-07,17:01,Porto Corsini,8.7,8.7,ENE
2026-08-07,17:15,Porto Corsini,7.8,9.6,ENE
2026-08-07,17:31,Porto Corsini,8.7,8.7,E
2026-08-07,17:32,Porto Corsini,7.8,8.7,ENE
2026-08-07,17:46,Porto Corsini,8.7,8.7,E
2026-08-07,18:01,Porto Corsini,8.7,9.6,E
2026-08-07,18:15,Porto Corsini,8.7,8.7,ESE
2026-08-07,18:30,Porto Corsini,8.7,8.7,E
2026-08-07,18:31,Porto Corsini,7.8,8.7,E
2026-08-07,18:45,Porto Corsini,7.8,7.0,E
2026-08-07,09:01,Lido di Volano,4.3,,NW
2026-08-07,09:15,Lido di Volano,2.3,,NNW
2026-08-07,09:31,Lido di Volano,4.1,,NW
2026-08-07,09:45,Lido di Volano,3.5,,W
2026-08-07,09:55,Lido di Volano,4.3,,NW
2026-08-07,10:01,Lido di Volano,3.3,,W
2026-08-07,10:15,Lido di Volano,2.5,,NNW
2026-08-07,10:31,Lido di Volano,2.7,,W
2026-08-07,10:44,Lido di Volano,3.1,,NW
2026-08-07,10:45,Lido di Volano,3.1,,NW
2026-08-07,11:01,Lido di Volano,1.0,,W
2026-08-07,11:15,Lido di Volano,2.1,,WNW
2026-08-07,11:31,Lido di Volano,1.4,,NNW
2026-08-07,11:40,Lido di Volano,2.1,,SE
2026-08-07,11:45,Lido di Volano,0.6,,ENE
2026-08-07,12:01,Lido di Volano,4.5,,E
2026-08-07,12:15,Lido di Volano,3.7,,E
2026-08-07,12:31,Lido di Volano,5.8,,ENE
2026-08-07,12:46,Lido di Volano,4.9,,E
2026-08-07,13:01,Lido di Volano,3.7,,E
2026-08-07,13:15,Lido di Volano,4.1,,E
2026-08-07,13:28,Lido di Volano,3.1,,ESE
2026-08-07,13:31,Lido di Volano,3.1,,ESE
2026-08-07,13:45,Lido di Volano,0.0,,ESE
2026-08-07,14:01,Lido di Volano,0.0,,ESE
2026-08-07,14:07,Lido di Volano,0.0,,?
2026-08-07,14:15,Lido di Volano,2.7,,SSE
2026-08-07,14:31,Lido di Volano,4.3,,SSE
2026-08-07,14:45,Lido di Volano,4.3,,SSE
2026-08-07,15:01,Lido di Volano,4.3,,S
2026-08-07,15:15,Lido di Volano,4.5,,SSE
2026-08-07,15:31,Lido di Volano,4.9,,SSE
2026-08-07,15:34,Lido di Volano,5.2,,SE
2026-08-07,15:45,Lido di Volano,4.1,,SSE
2026-08-07,16:01,Lido di Volano,5.1,,SE
2026-08-07,16:15,Lido di Volano,4.1,,ESE
2026-08-07,16:31,Lido di Volano,4.9,,ESE
2026-08-07,16:36,Lido di Volano,4.5,,SE
2026-08-07,16:45,Lido di Volano,3.9,,SE
2026-08-07,17:01,Lido di Volano,4.3,,SE
2026-08-07,17:15,Lido di Volano,6.0,,ESE
2026-08-07,17:31,Lido di Volano,6.2,,ESE
2026-08-07,17:32,Lido di Volano,6.2,,ESE
2026-08-07,17:46,Lido di Volano,6.2,,ESE
2026-08-07,18:01,Lido di Volano,6.2,,ESE
2026-08-07,18:15,Lido di Volano,5.4,,ESE
2026-08-07,18:30,Lido di Volano,5.6,,SE
2026-08-07,18:31,Lido di Volano,5.6,,SE
2026-08-07,18:45,Lido di Volano,5.4,,SE
2026-08-08,09:01,Porto Corsini,1.7,6.1,S
2026-08-08,09:11,Porto Corsini,1.7,6.1,SSE
2026-08-08,09:15,Porto Corsini,6.1,6.1,SE
2026-08-08,09:31,Porto Corsini,4.3,6.1,S
2026-08-08,09:45,Porto Corsini,5.2,4.3,SSE
2026-08-08,09:57,Porto Corsini,1.7,5.2,S
2026-08-08,10:01,Porto Corsini,3.5,7.0,S
2026-08-08,10:15,Porto Corsini,5.2,6.1,SSW
2026-08-08,10:30,Porto Corsini,6.1,7.0,SE
2026-08-08,10:45,Porto Corsini,6.1,7.0,SE
2026-08-08,11:01,Porto Corsini,6.1,7.0,SE
2026-08-08,11:15,Porto Corsini,4.3,6.1,E
2026-08-08,11:20,Porto Corsini,4.3,5.2,ENE
2026-08-08,11:31,Porto Corsini,9.6,6.1,ENE
2026-08-08,11:45,Porto Corsini,9.6,9.6,ENE
2026-08-08,11:59,Porto Corsini,10.4,11.3,ENE
2026-08-08,12:01,Porto Corsini,13.9,11.3,ENE
2026-08-08,12:15,Porto Corsini,13.0,15.6,ENE
2026-08-08,12:31,Porto Corsini,13.9,15.6,ENE
2026-08-08,12:31,Porto Corsini,13.9,15.6,ENE
2026-08-08,12:45,Porto Corsini,12.1,15.6,ENE
2026-08-08,13:01,Porto Corsini,13.9,14.8,ENE
2026-08-08,13:04,Porto Corsini,13.0,14.8,ENE
2026-08-08,13:15,Porto Corsini,15.7,14.8,ENE
2026-08-08,13:31,Porto Corsini,10.4,13.9,ENE
2026-08-08,13:39,Porto Corsini,9.6,13.0,NE
2026-08-08,13:45,Porto Corsini,10.4,12.2,ENE
2026-08-08,13:59,Porto Corsini,11.3,12.2,ENE
2026-08-08,14:01,Porto Corsini,10.4,12.2,E
2026-08-08,14:15,Porto Corsini,9.6,11.3,ENE
2026-08-08,14:31,Porto Corsini,11.3,11.3,ENE
2026-08-08,14:42,Porto Corsini,9.6,9.6,ENE
2026-08-08,14:45,Porto Corsini,9.6,10.4,ENE
2026-08-08,15:01,Porto Corsini,8.7,9.6,ENE
2026-08-08,15:15,Porto Corsini,8.7,9.6,ENE
2026-08-08,15:31,Porto Corsini,8.7,11.3,E
2026-08-08,15:45,Porto Corsini,10.4,12.2,E
2026-08-08,16:01,Porto Corsini,10.4,11.3,E
2026-08-08,16:15,Porto Corsini,10.4,11.3,E
2026-08-08,16:31,Porto Corsini,11.3,10.4,E
2026-08-08,16:45,Porto Corsini,8.7,10.4,E
2026-08-08,16:54,Porto Corsini,8.7,9.6,E
2026-08-08,17:01,Porto Corsini,7.8,8.7,E
2026-08-08,17:15,Porto Corsini,7.0,8.7,E
2026-08-08,17:16,Porto Corsini,7.0,8.7,E
2026-08-08,17:31,Porto Corsini,7.0,7.8,ESE
2026-08-08,17:45,Porto Corsini,7.8,7.0,ESE
2026-08-08,17:52,Porto Corsini,7.0,7.0,ESE
2026-08-08,18:01,Porto Corsini,8.7,7.8,ESE
2026-08-08,18:15,Porto Corsini,7.8,7.8,SE
2026-08-08,18:16,Porto Corsini,7.8,7.8,SE
2026-08-08,18:31,Porto Corsini,7.8,7.8,SE
2026-08-08,18:45,Porto Corsini,7.8,7.8,SE
2026-08-08,18:57,Porto Corsini,7.8,8.7,SE
2026-08-08,09:01,Lido di Volano,4.3,,S
2026-08-08,09:11,Lido di Volano,4.3,,S
2026-08-08,09:15,Lido di Volano,4.3,,S
2026-08-08,09:31,Lido di Volano,4.3,,S
2026-08-08,09:45,Lido di Volano,4.3,,S
2026-08-08,09:57,Lido di Volano,4.3,,S
2026-08-08,10:01,Lido di Volano,4.3,,S
2026-08-08,10:15,Lido di Volano,4.3,,S
2026-08-08,10:30,Lido di Volano,4.3,,S
2026-08-08,10:45,Lido di Volano,4.3,,S
2026-08-08,11:01,Lido di Volano,4.3,,S
2026-08-08,11:15,Lido di Volano,4.3,,S
2026-08-08,11:20,Lido di Volano,4.3,,S
2026-08-08,11:31,Lido di Volano,4.3,,S
2026-08-08,11:45,Lido di Volano,4.3,,S
2026-08-08,11:59,Lido di Volano,4.3,,S
2026-08-08,12:01,Lido di Volano,4.3,,S
2026-08-08,12:15,Lido di Volano,4.3,,S
2026-08-08,12:31,Lido di Volano,4.3,,S
2026-08-08,12:31,Lido di Volano,4.3,,S
2026-08-08,12:45,Lido di Volano,4.3,,S
2026-08-08,13:01,Lido di Volano,7.6,,ENE
2026-08-08,13:04,Lido di Volano,8.9,,ENE
2026-08-08,13:15,Lido di Volano,7.6,,ENE
2026-08-08,13:31,Lido di Volano,10.1,,NE
2026-08-08,13:39,Lido di Volano,7.6,,NE
2026-08-08,13:45,Lido di Volano,7.4,,ENE
2026-08-08,13:59,Lido di Volano,7.0,,ENE
2026-08-08,14:01,Lido di Volano,7.0,,ENE
2026-08-08,14:15,Lido di Volano,7.0,,ENE
2026-08-08,14:31,Lido di Volano,7.6,,ENE
2026-08-08,14:42,Lido di Volano,8.4,,ENE
2026-08-08,14:45,Lido di Volano,8.4,,ENE
2026-08-08,15:01,Lido di Volano,7.4,,ENE
2026-08-08,15:15,Lido di Volano,8.0,,ENE
2026-08-08,15:31,Lido di Volano,7.6,,ENE
2026-08-08,15:45,Lido di Volano,8.4,,ENE
2026-08-08,16:01,Lido di Volano,8.4,,E
2026-08-08,16:15,Lido di Volano,7.6,,ENE
2026-08-08,16:31,Lido di Volano,6.6,,ENE
2026-08-08,16:45,Lido di Volano,5.2,,E
2026-08-08,16:54,Lido di Volano,3.9,,ENE
2026-08-08,17:01,Lido di Volano,3.7,,E
2026-08-08,17:15,Lido di Volano,6.6,,E
2026-08-08,17:16,Lido di Volano,6.6,,E
2026-08-08,17:31,Lido di Volano,6.8,,E
2026-08-08,17:45,Lido di Volano,6.2,,E
2026-08-08,17:52,Lido di Volano,6.0,,ESE
2026-08-08,18:01,Lido di Volano,5.6,,ESE
2026-08-08,18:15,Lido di Volano,4.9,,ESE
2026-08-08,18:16,Lido di Volano,4.9,,ESE
2026-08-08,18:31,Lido di Volano,5.8,,SE
2026-08-08,18:45,Lido di Volano,5.2,,SE
2026-08-08,18:57,Lido di Volano,6.4,,SE
2026-08-09,09:01,Porto Corsini,0.0,5.2,W
2026-08-09,09:12,Porto Corsini,2.6,3.5,WSW
2026-08-09,09:15,Porto Corsini,2.6,3.5,W
2026-08-09,09:31,Porto Corsini,2.6,3.5,NNW
2026-08-09,09:45,Porto Corsini,2.6,3.5,SSW
2026-08-09,09:59,Porto Corsini,1.7,4.3,ESE
2026-08-09,10:01,Porto Corsini,2.6,3.5,SE
2026-08-09,10:15,Porto Corsini,2.6,3.5,E
2026-08-09,10:31,Porto Corsini,2.6,3.5,SE
2026-08-09,10:40,Porto Corsini,4.3,6.1,SE
2026-08-09,10:45,Porto Corsini,3.5,5.2,SE
2026-08-09,11:01,Porto Corsini,3.5,6.1,SSE
2026-08-09,11:15,Porto Corsini,3.5,6.1,SE
2026-08-09,11:21,Porto Corsini,4.3,4.3,SE
2026-08-09,11:31,Porto Corsini,4.3,6.1,SE
2026-08-09,11:45,Porto Corsini,6.1,6.1,SE
2026-08-09,12:01,Porto Corsini,6.1,7.0,ESE
2026-08-09,12:15,Porto Corsini,7.0,7.0,ESE
2026-08-09,12:31,Porto Corsini,7.0,7.8,ESE
2026-08-09,12:45,Porto Corsini,7.0,7.8,ESE
2026-08-09,12:49,Porto Corsini,7.0,7.0,ESE
2026-08-09,13:01,Porto Corsini,7.8,7.8,ESE
2026-08-09,13:15,Porto Corsini,8.7,8.7,ESE
2026-08-09,13:17,Porto Corsini,7.8,7.8,SE
2026-08-09,13:31,Porto Corsini,7.8,7.8,SE
2026-08-09,13:45,Porto Corsini,8.7,9.6,SE
2026-08-09,13:51,Porto Corsini,8.7,9.6,SE
2026-08-09,14:01,Porto Corsini,8.7,8.7,SE
2026-08-09,14:15,Porto Corsini,8.7,8.7,SE
2026-08-09,14:21,Porto Corsini,7.0,8.7,SE
2026-08-09,14:31,Porto Corsini,7.0,7.8,SE
2026-08-09,14:45,Porto Corsini,7.8,8.7,SE
2026-08-09,15:01,Porto Corsini,7.0,7.8,ESE
2026-08-09,15:15,Porto Corsini,6.1,7.0,SE
2026-08-09,15:27,Porto Corsini,7.8,8.7,SE
2026-08-09,15:31,Porto Corsini,7.0,7.8,SE
2026-08-09,15:45,Porto Corsini,6.1,7.8,SE
2026-08-09,16:01,Porto Corsini,7.8,7.8,SE
2026-08-09,16:04,Porto Corsini,6.1,7.8,SE
2026-08-09,16:15,Porto Corsini,6.1,7.8,SE
2026-08-09,16:31,Porto Corsini,5.2,7.0,ESE
2026-08-09,16:45,Porto Corsini,7.0,7.0,SE
2026-08-09,16:49,Porto Corsini,4.3,7.0,ESE
2026-08-09,17:01,Porto Corsini,7.0,7.0,SE
2026-08-09,17:15,Porto Corsini,6.1,7.0,ESE
2026-08-09,17:18,Porto Corsini,4.3,7.0,SE
2026-08-09,17:31,Porto Corsini,6.1,7.0,ESE
2026-08-09,17:45,Porto Corsini,7.8,7.0,ESE
2026-08-09,17:54,Porto Corsini,7.0,8.7,ESE
2026-08-09,18:01,Porto Corsini,7.0,8.7,SE
2026-08-09,18:15,Porto Corsini,4.3,7.0,SE
2026-08-09,18:18,Porto Corsini,4.3,7.0,SE
2026-08-09,18:31,Porto Corsini,4.3,7.0,SE
2026-08-09,18:45,Porto Corsini,4.3,5.2,SE
2026-08-09,09:01,Lido di Volano,0.0,,?
2026-08-09,09:12,Lido di Volano,0.0,,?
2026-08-09,09:15,Lido di Volano,0.0,,?
2026-08-09,09:31,Lido di Volano,0.0,,?
2026-08-09,09:45,Lido di Volano,0.2,,WSW
2026-08-09,09:59,Lido di Volano,0.0,,WSW
2026-08-09,10:01,Lido di Volano,1.9,,WNW
2026-08-09,10:15,Lido di Volano,1.6,,ESE
2026-08-09,10:31,Lido di Volano,0.0,,SE
2026-08-09,10:40,Lido di Volano,0.0,,SSE
2026-08-09,10:45,Lido di Volano,0.0,,SSE
2026-08-09,11:01,Lido di Volano,0.0,,SSE
2026-08-09,11:15,Lido di Volano,0.0,,?
2026-08-09,11:21,Lido di Volano,0.0,,?
2026-08-09,11:31,Lido di Volano,0.0,,?
2026-08-09,11:45,Lido di Volano,3.3,,SSE
2026-08-09,12:01,Lido di Volano,4.7,,SE
2026-08-09,12:15,Lido di Volano,5.2,,SE
2026-08-09,12:31,Lido di Volano,3.7,,SSE
2026-08-09,12:45,Lido di Volano,4.1,,SSE
2026-08-09,12:49,Lido di Volano,4.1,,SSE
2026-08-09,13:01,Lido di Volano,3.3,,SSE
2026-08-09,13:15,Lido di Volano,3.7,,S
2026-08-09,13:17,Lido di Volano,3.7,,S
2026-08-09,13:31,Lido di Volano,3.7,,S
2026-08-09,13:45,Lido di Volano,4.1,,S
2026-08-09,13:51,Lido di Volano,5.8,,S
2026-08-09,14:01,Lido di Volano,5.8,,S
2026-08-09,14:15,Lido di Volano,6.6,,S
2026-08-09,14:21,Lido di Volano,6.8,,SSE
2026-08-09,14:31,Lido di Volano,7.2,,SSE
2026-08-09,14:45,Lido di Volano,7.4,,SSE
2026-08-09,15:01,Lido di Volano,7.2,,SSE
2026-08-09,15:15,Lido di Volano,7.6,,S
2026-08-09,15:27,Lido di Volano,7.0,,SSE
2026-08-09,15:31,Lido di Volano,7.0,,SSE
2026-08-09,15:45,Lido di Volano,6.4,,SSE
2026-08-09,16:01,Lido di Volano,8.0,,SSE
2026-08-09,16:04,Lido di Volano,7.4,,SE
2026-08-09,16:15,Lido di Volano,6.6,,SSE
2026-08-09,16:31,Lido di Volano,6.4,,SSE
2026-08-09,16:45,Lido di Volano,8.0,,SSE
2026-08-09,16:49,Lido di Volano,7.0,,SSE
2026-08-09,17:01,Lido di Volano,6.6,,SSE
2026-08-09,17:15,Lido di Volano,6.4,,SSE
2026-08-09,17:18,Lido di Volano,5.4,,SSE
2026-08-09,17:31,Lido di Volano,7.0,,SSE
2026-08-09,17:45,Lido di Volano,5.4,,SSE
2026-08-09,17:54,Lido di Volano,5.6,,SE
2026-08-09,18:01,Lido di Volano,4.7,,SSE
2026-08-09,18:15,Lido di Volano,4.7,,SSE
2026-08-09,18:18,Lido di Volano,4.7,,SSE
2026-08-09,18:31,Lido di Volano,4.7,,SSE
2026-08-09,18:45,Lido di Volano,4.7,,SSE
2026-08-10,09:01,Porto Corsini,7.8,7.8,NNW
2026-08-10,09:03,Porto Corsini,2.6,7.8,WNW
2026-08-10,09:15,Porto Corsini,6.1,7.8,WNW
2026-08-10,09:31,Porto Corsini,3.5,7.0,NW
2026-08-10,09:45,Porto Corsini,4.3,6.1,NW
2026-08-10,10:01,Porto Corsini,3.5,7.0,NNW
2026-08-10,10:15,Porto Corsini,2.6,5.2,NW
2026-08-10,10:31,Porto Corsini,3.5,4.3,N
2026-08-10,10:45,Porto Corsini,0.0,,WNW
2026-08-10,10:48,Porto Corsini,0.9,4.3,ENE
2026-08-10,11:01,Porto Corsini,3.5,2.6,E
2026-08-10,11:15,Porto Corsini,3.5,4.3,ESE
2026-08-10,11:31,Porto Corsini,3.5,4.3,ESE
2026-08-10,11:45,Porto Corsini,5.2,5.2,ESE
2026-08-10,12:01,Porto Corsini,5.2,6.1,ESE
2026-08-10,12:06,Porto Corsini,6.1,6.1,SE
2026-08-10,12:15,Porto Corsini,4.3,6.1,SE
2026-08-10,12:31,Porto Corsini,6.1,7.0,ESE
2026-08-10,12:45,Porto Corsini,7.8,7.0,SE
2026-08-10,13:01,Porto Corsini,7.8,7.8,SE
2026-08-10,13:15,Porto Corsini,7.0,7.8,ESE
2026-08-10,13:18,Porto Corsini,7.0,7.8,SE
2026-08-10,13:31,Porto Corsini,7.0,8.7,SE
2026-08-10,13:45,Porto Corsini,8.7,8.7,ESE
2026-08-10,14:01,Porto Corsini,9.6,8.7,SE
2026-08-10,14:05,Porto Corsini,9.6,8.7,SE
2026-08-10,14:15,Porto Corsini,8.7,9.6,SE
2026-08-10,14:31,Porto Corsini,11.3,9.6,SE
2026-08-10,14:45,Porto Corsini,10.4,9.6,SE
2026-08-10,15:01,Porto Corsini,10.4,9.6,ESE
2026-08-10,15:15,Porto Corsini,8.7,9.6,ESE
2026-08-10,15:31,Porto Corsini,8.7,10.4,ESE
2026-08-10,15:39,Porto Corsini,9.6,9.6,ESE
2026-08-10,15:45,Porto Corsini,9.6,8.7,SE
2026-08-10,16:01,Porto Corsini,8.7,9.6,ESE
2026-08-10,16:15,Porto Corsini,7.8,8.7,ESE
2026-08-10,16:31,Porto Corsini,9.6,9.6,SE
2026-08-10,16:41,Porto Corsini,9.6,8.7,SE
2026-08-10,16:45,Porto Corsini,9.6,9.6,SE
2026-08-10,17:01,Porto Corsini,8.7,9.6,SSE
2026-08-10,17:16,Porto Corsini,9.6,8.7,SSE
2026-08-10,17:31,Porto Corsini,8.7,8.7,SSE
2026-08-10,17:34,Porto Corsini,9.6,9.6,SSE
2026-08-10,17:45,Porto Corsini,9.6,9.6,SSE
2026-08-10,18:01,Porto Corsini,10.4,8.7,SSE
2026-08-10,18:15,Porto Corsini,10.4,10.4,SSE
2026-08-10,18:28,Porto Corsini,10.4,9.6,SE
2026-08-10,18:31,Porto Corsini,10.4,9.6,SSE
2026-08-10,18:46,Porto Corsini,9.6,7.8,SSE
2026-08-10,09:01,Lido di Volano,0.0,,?
2026-08-10,09:03,Lido di Volano,0.0,,?
2026-08-10,09:15,Lido di Volano,0.0,,?
2026-08-10,09:31,Lido di Volano,0.0,,?
2026-08-10,09:45,Lido di Volano,0.0,,?
2026-08-10,10:01,Lido di Volano,0.0,,?
2026-08-10,10:15,Lido di Volano,3.5,,SSW
2026-08-10,10:31,Lido di Volano,4.3,,S
2026-08-10,10:45,Lido di Volano,3.9,,SSW
2026-08-10,10:48,Lido di Volano,3.3,,SSW
2026-08-10,11:01,Lido di Volano,4.5,,SSW
2026-08-10,11:15,Lido di Volano,4.5,,S
2026-08-10,11:31,Lido di Volano,4.3,,S
2026-08-10,11:45,Lido di Volano,3.3,,S
2026-08-10,12:01,Lido di Volano,3.9,,S
2026-08-10,12:06,Lido di Volano,3.5,,SSE
2026-08-10,12:15,Lido di Volano,3.7,,SSE
2026-08-10,12:31,Lido di Volano,5.1,,SSE
2026-08-10,12:45,Lido di Volano,5.2,,SE
2026-08-10,13:01,Lido di Volano,6.2,,SE
2026-08-10,13:15,Lido di Volano,7.0,,SE
2026-08-10,13:18,Lido di Volano,7.0,,SE
2026-08-10,13:31,Lido di Volano,6.4,,SSE
2026-08-10,13:45,Lido di Volano,8.0,,SE
2026-08-10,14:01,Lido di Volano,8.2,,SE
2026-08-10,14:05,Lido di Volano,8.2,,SE
2026-08-10,14:15,Lido di Volano,8.2,,SE
2026-08-10,14:31,Lido di Volano,8.2,,SE
2026-08-10,14:45,Lido di Volano,8.2,,SE
2026-08-10,15:01,Lido di Volano,8.2,,SE
2026-08-10,15:15,Lido di Volano,9.1,,SE
2026-08-10,15:31,Lido di Volano,8.0,,SE
2026-08-10,15:39,Lido di Volano,8.9,,SE
2026-08-10,15:45,Lido di Volano,9.1,,SSE
2026-08-10,16:01,Lido di Volano,9.1,,SSE
2026-08-10,16:15,Lido di Volano,8.0,,SE
2026-08-10,16:31,Lido di Volano,7.6,,SSE
2026-08-10,16:41,Lido di Volano,7.6,,SSE
2026-08-10,16:45,Lido di Volano,7.6,,SSE
2026-08-10,17:01,Lido di Volano,7.2,,SSE
2026-08-10,17:16,Lido di Volano,5.6,,S
2026-08-10,17:31,Lido di Volano,6.0,,SSE
2026-08-10,17:34,Lido di Volano,6.0,,SSE
2026-08-10,17:45,Lido di Volano,6.0,,SSE
2026-08-10,18:01,Lido di Volano,7.8,,S
2026-08-10,18:15,Lido di Volano,7.8,,S
2026-08-10,18:28,Lido di Volano,8.7,,S
2026-08-10,18:31,Lido di Volano,8.7,,S
2026-08-10,18:46,Lido di Volano,9.3,,S
2026-08-11,09:01,Porto Corsini,2.6,7.0,W
2026-08-11,09:15,Porto Corsini,2.6,7.0,W
2026-08-11,09:31,Porto Corsini,2.6,6.1,NNW
2026-08-11,09:45,Porto Corsini,1.7,3.5,WSW
2026-08-11,09:50,Porto Corsini,2.6,,WNW
2026-08-11,10:01,Porto Corsini,1.7,,NW
2026-08-11,10:15,Porto Corsini,3.5,,E
2026-08-11,10:31,Porto Corsini,4.3,4.3,E
2026-08-11,10:41,Porto Corsini,2.6,5.2,ENE
2026-08-11,10:45,Porto Corsini,2.6,5.2,E
2026-08-11,11:01,Porto Corsini,5.2,4.3,ESE
2026-08-11,11:15,Porto Corsini,5.2,4.3,ESE
2026-08-11,11:31,Porto Corsini,6.1,5.2,E
2026-08-11,11:39,Porto Corsini,6.1,7.8,E
2026-08-11,11:45,Porto Corsini,7.0,7.8,ESE
2026-08-11,12:01,Porto Corsini,6.1,7.8,E
2026-08-11,12:15,Porto Corsini,7.8,8.7,E
2026-08-11,12:30,Porto Corsini,7.8,10.4,E
2026-08-11,12:31,Porto Corsini,10.4,10.4,ENE
2026-08-11,12:45,Porto Corsini,8.7,10.4,E
2026-08-11,13:01,Porto Corsini,10.4,11.3,E
2026-08-11,13:15,Porto Corsini,9.6,9.6,E
2026-08-11,13:26,Porto Corsini,7.8,9.6,E
2026-08-11,13:31,Porto Corsini,8.7,9.6,E
2026-08-11,13:45,Porto Corsini,7.8,9.6,E
2026-08-11,14:01,Porto Corsini,7.8,8.7,E
2026-08-11,14:04,Porto Corsini,7.0,7.8,E
2026-08-11,14:15,Porto Corsini,8.7,8.7,E
2026-08-11,14:31,Porto Corsini,8.7,8.7,E
2026-08-11,14:45,Porto Corsini,9.6,8.7,E
2026-08-11,15:01,Porto Corsini,9.6,8.7,E
2026-08-11,15:15,Porto Corsini,8.7,7.8,E
2026-08-11,15:31,Porto Corsini,7.0,7.8,ESE
2026-08-11,15:37,Porto Corsini,7.0,7.8,ESE
2026-08-11,15:45,Porto Corsini,7.8,7.8,E
2026-08-11,16:01,Porto Corsini,7.8,7.8,ESE
2026-08-11,16:15,Porto Corsini,7.8,7.8,ESE
2026-08-11,16:31,Porto Corsini,7.8,7.8,ESE
2026-08-11,16:40,Porto Corsini,7.0,7.8,SE
2026-08-11,16:45,Porto Corsini,8.7,7.8,SE
2026-08-11,17:01,Porto Corsini,7.8,8.7,SE
2026-08-11,17:15,Porto Corsini,7.8,8.7,SE
2026-08-11,17:31,Porto Corsini,7.8,7.8,ESE
2026-08-11,17:34,Porto Corsini,7.0,7.8,SE
2026-08-11,17:45,Porto Corsini,7.0,7.0,SE
2026-08-11,18:01,Porto Corsini,7.8,7.0,SSE
2026-08-11,18:16,Porto Corsini,4.3,6.1,SSE
2026-08-11,18:30,Porto Corsini,4.3,6.1,SSE
2026-08-11,18:45,Porto Corsini,5.2,6.1,SSE
2026-08-11,09:01,Lido di Volano,0.0,,?
2026-08-11,09:15,Lido di Volano,0.0,,?
2026-08-11,09:31,Lido di Volano,0.0,,?
2026-08-11,09:45,Lido di Volano,0.0,,?
2026-08-11,09:50,Lido di Volano,0.0,,?
2026-08-11,10:01,Lido di Volano,0.0,,?
2026-08-11,10:15,Lido di Volano,0.0,,?
2026-08-11,10:31,Lido di Volano,0.0,,?
2026-08-11,10:41,Lido di Volano,0.0,,?
2026-08-11,10:45,Lido di Volano,0.0,,?
2026-08-11,11:01,Lido di Volano,0.0,,?
2026-08-11,11:15,Lido di Volano,2.7,,SE
2026-08-11,11:31,Lido di Volano,4.1,,SSE
2026-08-11,11:39,Lido di Volano,3.5,,SSE
2026-08-11,11:45,Lido di Volano,4.1,,SSE
2026-08-11,12:01,Lido di Volano,5.2,,ESE
2026-08-11,12:15,Lido di Volano,3.7,,SE
2026-08-11,12:30,Lido di Volano,5.6,,SE
2026-08-11,12:31,Lido di Volano,5.6,,SE
2026-08-11,12:45,Lido di Volano,7.2,,ESE
2026-08-11,13:01,Lido di Volano,7.4,,ESE
2026-08-11,13:15,Lido di Volano,5.8,,SE
2026-08-11,13:26,Lido di Volano,6.2,,SE
2026-08-11,13:31,Lido di Volano,6.0,,ESE
2026-08-11,13:45,Lido di Volano,6.0,,SE
2026-08-11,14:01,Lido di Volano,5.6,,SE
2026-08-11,14:04,Lido di Volano,5.6,,SE
2026-08-11,14:15,Lido di Volano,5.6,,SE
2026-08-11,14:31,Lido di Volano,5.2,,SE
2026-08-11,14:45,Lido di Volano,4.5,,SE
2026-08-11,15:01,Lido di Volano,4.5,,SE
2026-08-11,15:15,Lido di Volano,4.5,,SE
2026-08-11,15:31,Lido di Volano,5.2,,SE
2026-08-11,15:37,Lido di Volano,5.4,,SE
2026-08-11,15:45,Lido di Volano,6.0,,SSE
2026-08-11,16:01,Lido di Volano,6.6,,SE
2026-08-11,16:15,Lido di Volano,7.0,,SE
2026-08-11,16:31,Lido di Volano,8.0,,SE
2026-08-11,16:40,Lido di Volano,8.0,,SE
2026-08-11,16:45,Lido di Volano,8.0,,SE
2026-08-11,17:01,Lido di Volano,8.0,,SE
2026-08-11,17:15,Lido di Volano,7.8,,SE
2026-08-11,17:31,Lido di Volano,7.8,,ESE
2026-08-11,17:34,Lido di Volano,7.8,,ESE
2026-08-11,17:45,Lido di Volano,7.8,,ESE
2026-08-11,18:01,Lido di Volano,7.2,,SSE
2026-08-11,18:16,Lido di Volano,5.4,,SE
2026-08-11,18:30,Lido di Volano,5.2,,SSE
2026-08-11,18:45,Lido di Volano,3.9,,SSE
2026-08-12,09:01,Porto Corsini,8.7,10.4,E
2026-08-12,09:16,Porto Corsini,11.3,10.4,E
2026-08-12,09:31,Porto Corsini,12.1,11.3,ESE
2026-08-12,09:45,Porto Corsini,12.1,13.0,ESE
2026-08-12,09:47,Porto Corsini,11.3,13.0,E
2026-08-12,10:01,Porto Corsini,10.4,10.4,ESE
2026-08-12,10:15,Porto Corsini,11.3,9.6,E
2026-08-12,10:31,Porto Corsini,12.1,11.3,ESE
2026-08-12,10:45,Porto Corsini,9.6,10.4,ESE
2026-08-12,10:57,Porto Corsini,10.4,10.4,ESE
2026-08-12,11:01,Porto Corsini,10.4,10.4,ESE
2026-08-12,11:15,Porto Corsini,10.4,10.4,ESE
2026-08-12,11:31,Porto Corsini,12.1,11.3,ESE
2026-08-12,11:45,Porto Corsini,11.3,11.3,ESE
2026-08-12,11:54,Porto Corsini,11.3,13.0,ESE
2026-08-12,12:01,Porto Corsini,13.9,12.2,ESE
2026-08-12,12:15,Porto Corsini,12.1,11.3,ESE
2026-08-12,12:31,Porto Corsini,11.3,11.3,ESE
2026-08-12,12:45,Porto Corsini,11.3,11.3,ESE
2026-08-12,12:48,Porto Corsini,10.4,11.3,ESE
2026-08-12,13:01,Porto Corsini,11.3,10.4,ESE
2026-08-12,13:15,Porto Corsini,13.9,11.3,E
2026-08-12,13:31,Porto Corsini,9.6,10.4,E
2026-08-12,13:36,Porto Corsini,8.7,10.4,ESE
2026-08-12,13:45,Porto Corsini,11.3,10.4,ESE
2026-08-12,14:01,Porto Corsini,9.6,9.6,ENE
2026-08-12,14:15,Porto Corsini,10.4,10.4,ESE
2026-08-12,14:29,Porto Corsini,10.4,11.3,ESE
2026-08-12,14:31,Porto Corsini,10.4,11.3,E
2026-08-12,14:45,Porto Corsini,9.6,10.4,ESE
2026-08-12,15:01,Porto Corsini,8.7,9.6,E
2026-08-12,15:15,Porto Corsini,7.8,8.7,ESE
2026-08-12,15:31,Porto Corsini,8.7,8.7,ESE
2026-08-12,15:45,Porto Corsini,6.1,7.8,E
2026-08-12,15:55,Porto Corsini,7.0,7.8,E
2026-08-12,16:01,Porto Corsini,7.8,7.8,ESE
2026-08-12,16:15,Porto Corsini,7.8,7.8,ESE
2026-08-12,16:31,Porto Corsini,7.8,7.8,ESE
2026-08-12,16:45,Porto Corsini,7.8,7.8,ESE
2026-08-12,16:49,Porto Corsini,7.0,7.8,ESE
2026-08-12,17:01,Porto Corsini,7.0,7.8,ESE
2026-08-12,17:16,Porto Corsini,7.0,7.0,SE
2026-08-12,17:31,Porto Corsini,5.2,6.1,ESE
2026-08-12,17:45,Porto Corsini,4.3,6.1,ESE
2026-08-12,17:52,Porto Corsini,3.5,6.1,ESE
2026-08-12,18:01,Porto Corsini,3.5,5.2,SE
2026-08-12,18:15,Porto Corsini,3.5,5.2,ESE
2026-08-12,18:31,Porto Corsini,3.5,5.2,SE
2026-08-12,18:42,Porto Corsini,2.6,5.2,SSE
2026-08-12,18:45,Porto Corsini,2.6,5.2,SE
2026-08-12,09:01,Lido di Volano,5.8,,NE
2026-08-12,09:16,Lido di Volano,6.6,,NE
2026-08-12,09:31,Lido di Volano,6.8,,NE
2026-08-12,09:45,Lido di Volano,6.4,,ENE
2026-08-12,09:47,Lido di Volano,5.6,,ENE
2026-08-12,10:01,Lido di Volano,4.9,,ENE
2026-08-12,10:15,Lido di Volano,3.5,,E
2026-08-12,10:31,Lido di Volano,5.6,,E
2026-08-12,10:45,Lido di Volano,5.6,,SE
2026-08-12,10:57,Lido di Volano,5.1,,SE
2026-08-12,11:01,Lido di Volano,5.4,,SE
2026-08-12,11:15,Lido di Volano,5.1,,SE
2026-08-12,11:31,Lido di Volano,7.4,,SE
2026-08-12,11:45,Lido di Volano,7.6,,SE
2026-08-12,11:54,Lido di Volano,6.4,,SE
2026-08-12,12:01,Lido di Volano,6.0,,SE
2026-08-12,12:15,Lido di Volano,5.6,,SE
2026-08-12,12:31,Lido di Volano,4.7,,SSE
2026-08-12,12:45,Lido di Volano,6.4,,SE
2026-08-12,12:48,Lido di Volano,6.4,,SE
2026-08-12,13:01,Lido di Volano,5.1,,SSE
2026-08-12,13:15,Lido di Volano,6.6,,SSE
2026-08-12,13:31,Lido di Volano,5.6,,SSE
2026-08-12,13:36,Lido di Volano,6.2,,SSE
2026-08-12,13:45,Lido di Volano,6.0,,SSE
2026-08-12,14:01,Lido di Volano,6.2,,SSE
2026-08-12,14:15,Lido di Volano,5.8,,SSE
2026-08-12,14:29,Lido di Volano,7.0,,SE
2026-08-12,14:31,Lido di Volano,7.0,,SE
2026-08-12,14:45,Lido di Volano,6.8,,SE
2026-08-12,15:01,Lido di Volano,7.0,,SE
2026-08-12,15:15,Lido di Volano,5.8,,SE
2026-08-12,15:31,Lido di Volano,5.2,,SE
2026-08-12,15:45,Lido di Volano,4.7,,SE
2026-08-12,15:55,Lido di Volano,4.9,,SE
2026-08-12,16:01,Lido di Volano,5.1,,SE
2026-08-12,16:15,Lido di Volano,4.9,,SSE
2026-08-12,16:31,Lido di Volano,4.7,,SSE
2026-08-12,16:45,Lido di Volano,4.5,,SE
2026-08-12,16:49,Lido di Volano,4.5,,SE
2026-08-12,17:01,Lido di Volano,5.1,,SSE
2026-08-12,17:16,Lido di Volano,3.7,,SSE
2026-08-12,17:31,Lido di Volano,4.7,,SSE
2026-08-12,17:52,Lido di Volano,3.5,,SSE
2026-08-12,18:01,Lido di Volano,4.1,,SSE
2026-08-12,18:15,Lido di Volano,3.5,,S
2026-08-12,18:31,Lido di Volano,4.1,,S
2026-08-12,18:42,Lido di Volano,3.3,,S
2026-08-12,18:45,Lido di Volano,3.3,,S
2026-08-13,09:01,Porto Corsini,4.3,6.1,NW
2026-08-13,09:06,Porto Corsini,2.6,4.3,NNW
2026-08-13,09:15,Porto Corsini,1.7,,N
2026-08-13,09:31,Porto Corsini,2.6,,ENE
2026-08-13,09:45,Porto Corsini,0.0,3.5,E
2026-08-13,10:01,Porto Corsini,1.7,4.3,E
2026-08-13,10:15,Porto Corsini,2.6,,E
2026-08-13,10:31,Porto Corsini,3.5,5.2,E
2026-08-13,10:41,Porto Corsini,5.2,5.2,E
2026-08-13,10:45,Porto Corsini,2.6,5.2,E
2026-08-13,11:01,Porto Corsini,2.6,5.2,ESE
2026-08-13,11:15,Porto Corsini,3.5,5.2,E
2026-08-13,11:31,Porto Corsini,1.7,6.1,E
2026-08-13,11:45,Porto Corsini,2.6,4.3,E
2026-08-13,11:45,Porto Corsini,1.7,4.3,ENE
2026-08-13,12:01,Porto Corsini,3.5,6.1,ESE
2026-08-13,12:15,Porto Corsini,5.2,6.1,ESE
2026-08-13,12:31,Porto Corsini,7.0,7.8,ESE
2026-08-13,12:45,Porto Corsini,7.8,7.8,ESE
2026-08-13,12:49,Porto Corsini,7.8,7.8,ESE
2026-08-13,13:01,Porto Corsini,7.0,7.0,ESE
2026-08-13,13:15,Porto Corsini,7.0,8.7,ESE
2026-08-13,13:31,Porto Corsini,7.0,7.8,SE
2026-08-13,13:36,Porto Corsini,7.0,8.7,ESE
2026-08-13,13:45,Porto Corsini,7.0,8.7,SE
2026-08-13,14:01,Porto Corsini,7.0,7.8,SE
2026-08-13,14:15,Porto Corsini,6.1,7.8,ESE
2026-08-13,14:30,Porto Corsini,6.1,7.8,ESE
2026-08-13,14:31,Porto Corsini,4.3,7.8,ESE
2026-08-13,14:45,Porto Corsini,7.8,7.0,ESE
2026-08-13,15:01,Porto Corsini,6.1,7.0,SE
2026-08-13,15:15,Porto Corsini,7.8,7.8,SE
2026-08-13,15:31,Porto Corsini,7.0,7.8,SE
2026-08-13,15:45,Porto Corsini,7.0,7.8,SE
2026-08-13,15:57,Porto Corsini,6.1,7.0,SE
2026-08-13,16:01,Porto Corsini,6.1,7.0,SE
2026-08-13,16:15,Porto Corsini,6.1,7.8,SE
2026-08-13,16:31,Porto Corsini,7.0,7.0,SE
2026-08-13,16:45,Porto Corsini,7.8,7.0,SE
2026-08-13,16:50,Porto Corsini,5.2,7.8,SSE
2026-08-13,17:01,Porto Corsini,8.7,7.8,SSE
2026-08-13,17:15,Porto Corsini,7.8,8.7,SSE
2026-08-13,17:31,Porto Corsini,7.8,8.7,SSE
2026-08-13,17:46,Porto Corsini,8.7,8.7,SSE
2026-08-13,18:01,Porto Corsini,5.2,7.8,SE
2026-08-13,18:15,Porto Corsini,9.6,8.7,SSE
2026-08-13,18:31,Porto Corsini,8.7,9.6,SSE
2026-08-13,18:42,Porto Corsini,7.8,8.7,SSE
2026-08-13,18:45,Porto Corsini,7.0,8.7,SSE
2026-08-13,09:01,Lido di Volano,0.0,,ENE
2026-08-13,09:06,Lido di Volano,0.0,,?
2026-08-13,09:15,Lido di Volano,0.0,,?
2026-08-13,09:31,Lido di Volano,0.0,,?
2026-08-13,09:45,Lido di Volano,0.0,,?
2026-08-13,10:01,Lido di Volano,0.0,,?
2026-08-13,10:15,Lido di Volano,0.0,,?
2026-08-13,10:31,Lido di Volano,0.0,,?
2026-08-13,10:41,Lido di Volano,2.3,,SE
2026-08-13,10:45,Lido di Volano,2.5,,SE
2026-08-13,11:01,Lido di Volano,2.5,,SE
2026-08-13,11:15,Lido di Volano,3.5,,SE
2026-08-13,11:31,Lido di Volano,3.1,,SE
2026-08-13,11:45,Lido di Volano,3.1,,SE
2026-08-13,11:45,Lido di Volano,3.1,,SE
2026-08-13,12:01,Lido di Volano,4.3,,S
2026-08-13,12:15,Lido di Volano,5.1,,SSE
2026-08-13,12:31,Lido di Volano,4.9,,SSE
2026-08-13,12:45,Lido di Volano,4.9,,SSE
2026-08-13,12:49,Lido di Volano,6.0,,SSE
2026-08-13,13:01,Lido di Volano,5.6,,SSE
2026-08-13,13:15,Lido di Volano,6.2,,SSE
2026-08-13,13:31,Lido di Volano,6.0,,SSE
2026-08-13,13:36,Lido di Volano,6.0,,SSE
2026-08-13,13:45,Lido di Volano,5.8,,SSE
2026-08-13,14:01,Lido di Volano,7.2,,SSE
2026-08-13,14:15,Lido di Volano,7.4,,SE
2026-08-13,14:30,Lido di Volano,7.6,,SSE
2026-08-13,14:31,Lido di Volano,7.6,,SSE
2026-08-13,14:45,Lido di Volano,6.6,,SSE
2026-08-13,15:01,Lido di Volano,7.6,,SSE
2026-08-13,15:15,Lido di Volano,6.2,,SSE
2026-08-13,15:31,Lido di Volano,4.1,,SSE
2026-08-13,15:45,Lido di Volano,6.0,,SSE
2026-08-13,15:57,Lido di Volano,4.9,,SSE
2026-08-13,16:01,Lido di Volano,5.6,,SSE
2026-08-13,16:15,Lido di Volano,6.0,,SE
2026-08-13,16:31,Lido di Volano,6.8,,SSE
2026-08-13,16:45,Lido di Volano,6.2,,SSE
2026-08-13,16:50,Lido di Volano,5.1,,SSE
2026-08-13,17:01,Lido di Volano,5.2,,S
2026-08-13,17:15,Lido di Volano,5.4,,S
2026-08-13,17:31,Lido di Volano,5.1,,SSE
2026-08-13,17:46,Lido di Volano,5.6,,S
2026-08-13,18:01,Lido di Volano,5.8,,S
2026-08-13,18:15,Lido di Volano,5.2,,S
2026-08-13,18:31,Lido di Volano,5.2,,SSE
2026-08-13,18:42,Lido di Volano,5.4,,SSE
2026-08-13,18:45,Lido di Volano,5.4,,SSE
2026-08-14,09:03,Porto Corsini,2.6,4.3,NW
2026-08-14,09:15,Porto Corsini,1.7,5.2,WNW
2026-08-14,09:30,Porto Corsini,0.9,3.5,WSW
2026-08-14,09:45,Porto Corsini,0.9,1.7,WSW
2026-08-14,10:02,Porto Corsini,1.7,,SE
2026-08-14,10:15,Porto Corsini,0.9,,E
2026-08-14,10:30,Porto Corsini,1.7,,ENE
2026-08-14,10:35,Porto Corsini,1.7,,E
2026-08-14,10:45,Porto Corsini,1.7,2.6,E
2026-08-14,11:01,Porto Corsini,2.6,3.5,E
2026-08-14,11:15,Porto Corsini,2.6,3.5,ESE
2026-08-14,11:30,Porto Corsini,3.5,2.6,ENE
2026-08-14,11:40,Porto Corsini,2.6,3.5,ESE
2026-08-14,11:45,Porto Corsini,4.3,4.3,E
2026-08-14,12:01,Porto Corsini,3.5,6.1,E
2026-08-14,12:15,Porto Corsini,5.2,6.1,ESE
2026-08-14,12:30,Porto Corsini,3.5,6.1,SE
2026-08-14,12:37,Porto Corsini,4.3,6.1,SE
2026-08-14,12:45,Porto Corsini,3.5,6.1,SE
2026-08-14,13:01,Porto Corsini,6.1,7.0,E
2026-08-14,13:15,Porto Corsini,5.2,5.2,ESE
2026-08-14,13:24,Porto Corsini,3.5,7.0,E
2026-08-14,13:30,Porto Corsini,4.3,7.0,ESE
2026-08-14,13:45,Porto Corsini,7.0,7.8,SE
2026-08-14,14:01,Porto Corsini,3.5,7.8,SE
2026-08-14,14:03,Porto Corsini,4.3,7.0,SE
2026-08-14,14:15,Porto Corsini,5.2,7.8,ESE
2026-08-14,14:30,Porto Corsini,3.5,6.1,SSE
2026-08-14,14:45,Porto Corsini,7.0,7.0,SE
2026-08-14,15:01,Porto Corsini,6.1,7.8,SE
2026-08-14,15:15,Porto Corsini,9.6,8.7,SE
2026-08-14,15:30,Porto Corsini,5.2,7.0,SE
2026-08-14,15:36,Porto Corsini,5.2,7.8,SE
2026-08-14,15:45,Porto Corsini,7.8,7.8,SE
2026-08-14,16:01,Porto Corsini,5.2,7.8,SSE
2026-08-14,16:15,Porto Corsini,7.8,8.7,SE
2026-08-14,16:30,Porto Corsini,8.7,7.8,SE
2026-08-14,16:35,Porto Corsini,7.8,7.8,SE
2026-08-14,16:45,Porto Corsini,7.8,9.6,SSE
2026-08-14,17:01,Porto Corsini,7.0,8.7,SSE
2026-08-14,17:15,Porto Corsini,7.0,8.7,SSE
2026-08-14,17:27,Porto Corsini,8.7,7.8,SE
2026-08-14,17:30,Porto Corsini,7.8,9.6,SE
2026-08-14,17:45,Porto Corsini,9.6,8.7,SSE
2026-08-14,18:01,Porto Corsini,9.6,10.4,SSE
2026-08-14,18:12,Porto Corsini,8.7,8.7,SSE
2026-08-14,18:15,Porto Corsini,9.6,8.7,SSE
2026-08-14,18:30,Porto Corsini,10.4,8.7,SE
2026-08-14,18:48,Porto Corsini,6.1,8.7,SSE
2026-08-14,09:03,Lido di Volano,2.7,,SE
2026-08-14,09:15,Lido di Volano,2.9,,SSE
2026-08-14,09:30,Lido di Volano,2.1,,SSE
2026-08-14,09:45,Lido di Volano,4.3,,SE
2026-08-14,10:02,Lido di Volano,5.2,,SE
2026-08-14,10:15,Lido di Volano,3.5,,SSE
2026-08-14,10:30,Lido di Volano,3.7,,SSE
2026-08-14,10:35,Lido di Volano,4.1,,SE
2026-08-14,10:45,Lido di Volano,3.9,,SSE
2026-08-14,11:01,Lido di Volano,3.7,,SSE
2026-08-14,11:15,Lido di Volano,4.5,,SE
2026-08-14,11:30,Lido di Volano,5.6,,SSE
2026-08-14,11:40,Lido di Volano,6.6,,SSE
2026-08-14,11:45,Lido di Volano,5.4,,S
2026-08-14,12:01,Lido di Volano,5.6,,SE
2026-08-14,12:15,Lido di Volano,5.4,,SSE
2026-08-14,12:30,Lido di Volano,4.5,,S
2026-08-14,12:37,Lido di Volano,5.4,,S
2026-08-14,12:45,Lido di Volano,4.9,,SSE
2026-08-14,13:01,Lido di Volano,4.3,,S
2026-08-14,13:15,Lido di Volano,6.6,,S
2026-08-14,13:24,Lido di Volano,6.0,,S
2026-08-14,13:30,Lido di Volano,6.0,,SSW
2026-08-14,13:45,Lido di Volano,6.4,,S
2026-08-14,14:01,Lido di Volano,5.4,,SSE
2026-08-14,14:03,Lido di Volano,5.4,,SSE
2026-08-14,14:15,Lido di Volano,5.8,,SSE
2026-08-14,14:30,Lido di Volano,5.8,,SSE
2026-08-14,14:45,Lido di Volano,4.7,,SSE
2026-08-14,15:01,Lido di Volano,5.8,,SSE
2026-08-14,15:15,Lido di Volano,5.6,,SE
2026-08-14,15:30,Lido di Volano,6.2,,SSE
2026-08-14,15:36,Lido di Volano,5.4,,SSE
2026-08-14,15:45,Lido di Volano,5.2,,SSE
2026-08-14,16:01,Lido di Volano,6.0,,SSE
2026-08-14,16:15,Lido di Volano,5.1,,SSE
2026-08-14,16:30,Lido di Volano,5.8,,SSE
2026-08-14,16:35,Lido di Volano,5.8,,SSE
2026-08-14,16:45,Lido di Volano,6.0,,S
2026-08-14,17:01,Lido di Volano,5.6,,S
2026-08-14,17:15,Lido di Volano,6.6,,SSE
2026-08-14,17:27,Lido di Volano,5.4,,SSE
2026-08-14,17:30,Lido di Volano,5.4,,SSE
2026-08-14,17:45,Lido di Volano,5.2,,S
2026-08-14,18:01,Lido di Volano,5.6,,SSE
2026-08-14,18:12,Lido di Volano,5.8,,S
2026-08-14,18:15,Lido di Volano,5.8,,S
2026-08-14,18:30,Lido di Volano,7.0,,SE
2026-08-14,18:48,Lido di Volano,6.6,,SSE
2026-08-15,09:01,Porto Corsini,6.1,6.1,WNW
2026-08-15,09:05,Porto Corsini,7.0,6.1,NW
2026-08-15,09:15,Porto Corsini,4.3,7.8,NW
2026-08-15,09:30,Porto Corsini,4.3,8.7,WNW
2026-08-15,09:40,Porto Corsini,6.1,8.7,W
2026-08-15,09:45,Porto Corsini,3.5,8.7,NNW
2026-08-15,09:57,Porto Corsini,7.0,7.0,NW
2026-08-15,10:01,Porto Corsini,7.0,7.8,NNW
2026-08-15,10:15,Porto Corsini,7.8,8.7,NNW
2026-08-15,10:18,Porto Corsini,2.6,8.7,N
2026-08-15,10:30,Porto Corsini,3.5,7.8,WNW
2026-08-15,10:45,Porto Corsini,4.3,7.8,WNW
2026-08-15,10:50,Porto Corsini,2.6,7.8,W
2026-08-15,11:01,Porto Corsini,5.2,,E
2026-08-15,11:13,Porto Corsini,3.5,4.3,ENE
2026-08-15,11:15,Porto Corsini,4.3,6.1,E
2026-08-15,11:30,Porto Corsini,4.3,5.2,E
2026-08-15,11:38,Porto Corsini,6.1,7.0,ENE
2026-08-15,11:45,Porto Corsini,6.1,6.1,E
2026-08-15,11:55,Porto Corsini,4.3,6.1,ENE
2026-08-15,12:01,Porto Corsini,7.0,6.1,ENE
2026-08-15,12:10,Porto Corsini,7.0,7.8,ENE
2026-08-15,12:15,Porto Corsini,7.0,7.8,E
2026-08-15,12:30,Porto Corsini,7.0,7.8,ENE
2026-08-15,12:35,Porto Corsini,6.1,7.8,E
2026-08-15,12:45,Porto Corsini,7.8,7.8,E
2026-08-15,12:55,Porto Corsini,7.0,7.8,E
2026-08-15,13:01,Porto Corsini,7.8,7.8,E
2026-08-15,13:09,Porto Corsini,4.3,7.8,E
2026-08-15,13:15,Porto Corsini,6.1,7.8,ESE
2026-08-15,13:30,Porto Corsini,7.0,7.8,E
2026-08-15,13:31,Porto Corsini,7.0,7.8,E
2026-08-15,13:45,Porto Corsini,7.0,7.8,ESE
2026-08-15,13:53,Porto Corsini,7.0,7.0,E
2026-08-15,14:01,Porto Corsini,6.1,7.8,ESE
2026-08-15,14:12,Porto Corsini,7.0,7.0,ESE
2026-08-15,14:15,Porto Corsini,7.8,7.0,ESE
2026-08-15,14:30,Porto Corsini,7.8,7.8,E
2026-08-15,14:45,Porto Corsini,7.0,7.8,ESE
2026-08-15,14:57,Porto Corsini,6.1,7.0,ESE
2026-08-15,15:01,Porto Corsini,7.0,7.8,SE
2026-08-15,15:15,Porto Corsini,7.0,7.8,ESE
2026-08-15,15:23,Porto Corsini,7.8,7.8,SE
2026-08-15,15:30,Porto Corsini,7.8,7.8,SE
2026-08-15,15:45,Porto Corsini,7.0,9.6,SE
2026-08-15,15:47,Porto Corsini,7.8,7.8,SE
2026-08-15,16:01,Porto Corsini,7.0,8.7,SE
2026-08-15,16:09,Porto Corsini,9.6,8.7,SE
2026-08-15,16:15,Porto Corsini,9.6,9.6,SE
2026-08-15,16:30,Porto Corsini,10.4,8.7,SE
2026-08-15,16:35,Porto Corsini,7.0,8.7,SE
2026-08-15,16:45,Porto Corsini,7.0,8.7,SE
2026-08-15,16:56,Porto Corsini,8.7,8.7,ESE
2026-08-15,17:01,Porto Corsini,9.6,9.6,SE
2026-08-15,17:10,Porto Corsini,7.0,8.7,SE
2026-08-15,17:15,Porto Corsini,7.0,7.8,SE
2026-08-15,17:30,Porto Corsini,7.0,8.7,SE
2026-08-15,17:32,Porto Corsini,7.0,8.7,SE
2026-08-15,17:45,Porto Corsini,8.7,7.8,SE
2026-08-15,17:54,Porto Corsini,7.8,8.7,SE
2026-08-15,18:01,Porto Corsini,8.7,8.7,ESE
2026-08-15,18:09,Porto Corsini,9.6,8.7,SE
2026-08-15,18:15,Porto Corsini,9.6,8.7,SE
2026-08-15,18:30,Porto Corsini,9.6,9.6,SE
2026-08-15,18:37,Porto Corsini,10.4,9.6,SE
2026-08-15,18:45,Porto Corsini,10.4,8.7,SE
2026-08-15,18:56,Porto Corsini,11.3,9.6,SE
2026-08-15,09:01,Lido di Volano,2.5,,NNW
2026-08-15,09:05,Lido di Volano,0.6,,NNW
2026-08-15,09:15,Lido di Volano,2.1,,N
2026-08-15,09:30,Lido di Volano,2.1,,N
2026-08-15,09:40,Lido di Volano,0.0,,NE
2026-08-15,09:45,Lido di Volano,1.9,,NE
2026-08-15,09:57,Lido di Volano,2.3,,ENE
2026-08-15,10:01,Lido di Volano,2.7,,ENE
2026-08-15,10:15,Lido di Volano,4.5,,ENE
2026-08-15,10:18,Lido di Volano,4.5,,ENE
2026-08-15,10:30,Lido di Volano,4.9,,E
2026-08-15,10:45,Lido di Volano,2.7,,E
2026-08-15,10:50,Lido di Volano,3.3,,E
2026-08-15,11:01,Lido di Volano,2.5,,E
2026-08-15,11:13,Lido di Volano,3.3,,ESE
2026-08-15,11:15,Lido di Volano,2.3,,ESE
2026-08-15,11:30,Lido di Volano,4.1,,SE
2026-08-15,11:38,Lido di Volano,5.2,,SE
2026-08-15,11:45,Lido di Volano,5.2,,SE
2026-08-15,11:55,Lido di Volano,4.7,,SSE
2026-08-15,12:01,Lido di Volano,4.9,,SSE
2026-08-15,12:10,Lido di Volano,5.1,,SSE
2026-08-15,12:15,Lido di Volano,4.7,,SSE
2026-08-15,12:30,Lido di Volano,5.1,,SSE
2026-08-15,12:35,Lido di Volano,4.9,,S
2026-08-15,12:45,Lido di Volano,4.5,,S
2026-08-15,12:55,Lido di Volano,5.4,,SSE
2026-08-15,13:01,Lido di Volano,4.7,,SSE
2026-08-15,13:09,Lido di Volano,5.1,,SE
2026-08-15,13:15,Lido di Volano,6.2,,SE
2026-08-15,13:30,Lido di Volano,7.0,,SE
2026-08-15,13:31,Lido di Volano,7.0,,SE
2026-08-15,13:45,Lido di Volano,5.8,,SE
2026-08-15,13:53,Lido di Volano,5.8,,SE
2026-08-15,14:01,Lido di Volano,6.4,,SE
2026-08-15,14:12,Lido di Volano,6.2,,ESE
2026-08-15,14:15,Lido di Volano,6.2,,ESE
2026-08-15,14:30,Lido di Volano,7.0,,SE
2026-08-15,14:45,Lido di Volano,8.0,,SE
2026-08-15,14:57,Lido di Volano,7.2,,SE
2026-08-15,15:01,Lido di Volano,7.2,,SE
2026-08-15,15:15,Lido di Volano,7.6,,SE
2026-08-15,15:23,Lido di Volano,7.6,,SE
2026-08-15,15:30,Lido di Volano,6.4,,SE
2026-08-15,15:45,Lido di Volano,7.4,,SSE
2026-08-15,15:47,Lido di Volano,6.8,,SE
2026-08-15,16:01,Lido di Volano,8.6,,SE
2026-08-15,16:09,Lido di Volano,7.8,,ESE
2026-08-15,16:15,Lido di Volano,7.8,,ESE
2026-08-15,16:30,Lido di Volano,8.0,,SE
2026-08-15,16:35,Lido di Volano,8.0,,SE
2026-08-15,16:45,Lido di Volano,8.2,,ESE
2026-08-15,16:56,Lido di Volano,8.6,,SE
2026-08-15,17:01,Lido di Volano,8.6,,SE
2026-08-15,17:10,Lido di Volano,8.6,,SE
2026-08-15,17:15,Lido di Volano,8.6,,SE
2026-08-15,17:30,Lido di Volano,7.4,,SE
2026-08-15,17:32,Lido di Volano,7.2,,SE
2026-08-15,17:45,Lido di Volano,7.0,,SSE
2026-08-15,17:54,Lido di Volano,7.0,,SSE
2026-08-15,18:01,Lido di Volano,7.0,,SSE
2026-08-15,18:09,Lido di Volano,7.0,,SSE
2026-08-15,18:15,Lido di Volano,7.0,,SSE
2026-08-15,18:30,Lido di Volano,7.0,,SSE
2026-08-15,18:37,Lido di Volano,8.6,,SE
2026-08-15,18:45,Lido di Volano,8.6,,SE
2026-08-15,18:56,Lido di Volano,6.2,,ESE
2026-08-16,09:01,Porto Corsini,0.9,5.2,WNW
2026-08-16,09:05,Porto Corsini,2.6,5.2,WNW
2026-08-16,09:15,Porto Corsini,1.7,3.5,W
2026-08-16,09:30,Porto Corsini,0.9,,S
2026-08-16,09:42,Porto Corsini,0.9,,SSE
2026-08-16,09:45,Porto Corsini,0.9,,SSE
2026-08-16,09:58,Porto Corsini,2.6,3.5,E
2026-08-16,10:01,Porto Corsini,2.6,3.5,E
2026-08-16,10:15,Porto Corsini,2.6,3.5,E
2026-08-16,10:23,Porto Corsini,3.5,3.5,E
2026-08-16,10:30,Porto Corsini,2.6,5.2,E
2026-08-16,10:45,Porto Corsini,3.5,5.2,E
2026-08-16,10:52,Porto Corsini,5.2,6.1,ESE
2026-08-16,11:00,Porto Corsini,5.2,6.1,E
2026-08-16,11:15,Porto Corsini,6.1,6.1,ESE
2026-08-16,11:30,Porto Corsini,5.2,7.0,ESE
2026-08-16,11:45,Porto Corsini,7.0,7.0,ESE
2026-08-16,11:47,Porto Corsini,5.2,7.0,ESE
2026-08-16,12:01,Porto Corsini,6.1,7.0,ESE
2026-08-16,12:10,Porto Corsini,7.8,7.8,ESE
2026-08-16,12:15,Porto Corsini,7.0,7.8,E
2026-08-16,12:30,Porto Corsini,7.0,8.7,ESE
2026-08-16,12:36,Porto Corsini,7.0,8.7,ESE
2026-08-16,12:45,Porto Corsini,7.8,7.8,E
2026-08-16,12:55,Porto Corsini,8.7,8.7,ESE
2026-08-16,13:00,Porto Corsini,8.7,9.6,ESE
2026-08-16,13:09,Porto Corsini,8.7,9.6,ESE
2026-08-16,13:15,Porto Corsini,9.6,9.6,SE
2026-08-16,13:30,Porto Corsini,10.4,9.6,ESE
2026-08-16,13:31,Porto Corsini,9.6,9.6,ESE
2026-08-16,13:45,Porto Corsini,10.4,9.6,SE
2026-08-16,13:53,Porto Corsini,9.6,9.6,SE
2026-08-16,14:01,Porto Corsini,8.7,9.6,ESE
2026-08-16,14:13,Porto Corsini,7.8,10.4,ESE
2026-08-16,14:15,Porto Corsini,10.4,10.4,ESE
2026-08-16,14:30,Porto Corsini,11.3,11.3,SE
2026-08-16,14:45,Porto Corsini,9.6,10.4,SE
2026-08-16,14:59,Porto Corsini,12.1,11.3,SE
2026-08-16,15:00,Porto Corsini,12.1,10.4,SE
2026-08-16,15:15,Porto Corsini,13.0,11.3,SE
2026-08-16,15:29,Porto Corsini,14.8,12.2,SE
2026-08-16,15:30,Porto Corsini,13.0,12.2,SE
2026-08-16,15:45,Porto Corsini,12.1,13.0,SE
2026-08-16,15:52,Porto Corsini,13.0,13.0,SE
2026-08-16,16:00,Porto Corsini,10.4,12.2,SE
2026-08-16,16:11,Porto Corsini,13.9,12.2,SE
2026-08-16,16:15,Porto Corsini,11.3,12.2,SSE
2026-08-16,16:30,Porto Corsini,12.1,13.0,SE
2026-08-16,16:36,Porto Corsini,11.3,10.4,SE
2026-08-16,16:45,Porto Corsini,11.3,10.4,SSE
2026-08-16,16:56,Porto Corsini,12.1,9.6,SE
2026-08-16,17:01,Porto Corsini,5.2,10.4,SSW
2026-08-16,17:11,Porto Corsini,10.4,9.6,SSW
2026-08-16,17:15,Porto Corsini,8.7,10.4,SSE
2026-08-16,17:30,Porto Corsini,9.6,11.3,SE
2026-08-16,17:33,Porto Corsini,8.7,10.4,SSE
2026-08-16,17:45,Porto Corsini,10.4,8.7,SSE
2026-08-16,17:54,Porto Corsini,7.8,10.4,SSE
2026-08-16,18:01,Porto Corsini,6.1,10.4,SSE
2026-08-16,18:09,Porto Corsini,4.3,10.4,SSE
2026-08-16,18:15,Porto Corsini,7.8,9.6,S
2026-08-16,18:30,Porto Corsini,6.1,8.7,SW
2026-08-16,18:38,Porto Corsini,6.1,8.7,SSW
2026-08-16,18:45,Porto Corsini,5.2,7.8,SSW
2026-08-16,18:57,Porto Corsini,6.1,7.8,S
2026-08-16,09:01,Lido di Volano,0.0,,NE
2026-08-16,09:05,Lido di Volano,0.0,,?
2026-08-16,09:15,Lido di Volano,0.0,,?
2026-08-16,09:30,Lido di Volano,0.0,,?
2026-08-16,09:42,Lido di Volano,0.0,,?
2026-08-16,09:45,Lido di Volano,0.0,,?
2026-08-16,09:58,Lido di Volano,0.0,,?
2026-08-16,10:01,Lido di Volano,0.0,,?
2026-08-16,10:15,Lido di Volano,0.0,,?
2026-08-16,10:23,Lido di Volano,0.0,,?
2026-08-16,10:30,Lido di Volano,0.0,,?
2026-08-16,10:45,Lido di Volano,0.0,,?
2026-08-16,10:52,Lido di Volano,0.0,,?
2026-08-16,11:00,Lido di Volano,1.4,,S
2026-08-16,11:15,Lido di Volano,2.1,,SSE
2026-08-16,11:30,Lido di Volano,3.5,,SSE
2026-08-16,11:45,Lido di Volano,4.5,,SSE
2026-08-16,11:47,Lido di Volano,4.5,,SSE
2026-08-16,12:01,Lido di Volano,3.5,,SE
2026-08-16,12:10,Lido di Volano,4.9,,SE
2026-08-16,12:15,Lido di Volano,5.6,,SE
2026-08-16,12:30,Lido di Volano,6.6,,ESE
2026-08-16,12:36,Lido di Volano,5.8,,ESE
2026-08-16,12:45,Lido di Volano,5.4,,SE
2026-08-16,12:55,Lido di Volano,6.8,,ESE
2026-08-16,13:00,Lido di Volano,7.0,,SE
2026-08-16,13:09,Lido di Volano,6.6,,SE
2026-08-16,13:15,Lido di Volano,6.6,,SE
2026-08-16,13:30,Lido di Volano,6.6,,SE
2026-08-16,13:31,Lido di Volano,6.6,,SE
2026-08-16,13:45,Lido di Volano,6.8,,ESE
2026-08-16,13:53,Lido di Volano,7.4,,SE
2026-08-16,14:01,Lido di Volano,6.8,,SE
2026-08-16,14:13,Lido di Volano,7.8,,SE
2026-08-16,14:15,Lido di Volano,7.8,,SE
2026-08-16,14:30,Lido di Volano,7.8,,SE
2026-08-16,14:45,Lido di Volano,7.8,,SE
2026-08-16,14:59,Lido di Volano,7.8,,SE
2026-08-16,15:00,Lido di Volano,7.8,,SE
2026-08-16,15:15,Lido di Volano,7.8,,SE
2026-08-16,15:29,Lido di Volano,7.8,,SE
2026-08-16,15:30,Lido di Volano,7.8,,SE
2026-08-16,15:45,Lido di Volano,7.8,,SE
2026-08-16,15:52,Lido di Volano,7.8,,SE
2026-08-16,16:00,Lido di Volano,7.8,,SE
2026-08-16,16:11,Lido di Volano,7.8,,SE
2026-08-16,16:15,Lido di Volano,7.8,,SE
2026-08-16,16:30,Lido di Volano,7.8,,SE
2026-08-16,16:36,Lido di Volano,7.8,,SE
2026-08-16,16:45,Lido di Volano,7.8,,SE
2026-08-16,16:56,Lido di Volano,7.8,,SE
2026-08-16,17:01,Lido di Volano,7.8,,SE
2026-08-16,17:30,Lido di Volano,10.3,,S
2026-08-16,17:33,Lido di Volano,10.3,,S
2026-08-16,17:45,Lido di Volano,8.0,,S
2026-08-16,17:54,Lido di Volano,9.3,,S
2026-08-16,18:01,Lido di Volano,8.6,,SSW
2026-08-16,18:09,Lido di Volano,8.9,,S
2026-08-16,18:15,Lido di Volano,7.6,,SSW
2026-08-16,18:30,Lido di Volano,9.3,,S
2026-08-16,18:38,Lido di Volano,7.8,,SSW
2026-08-16,18:45,Lido di Volano,9.5,,S
2026-08-16,18:57,Lido di Volano,8.4,,S
2026-08-17,09:01,Porto Corsini,9.6,12.2,NW
2026-08-17,09:15,Porto Corsini,8.7,11.3,NNW
2026-08-17,09:31,Porto Corsini,5.2,12.2,NW
2026-08-17,09:45,Porto Corsini,7.0,13.0,NW
2026-08-17,10:01,Porto Corsini,4.3,13.0,NNW
2026-08-17,10:15,Porto Corsini,9.6,12.2,N
2026-08-17,10:21,Porto Corsini,5.2,12.2,W
2026-08-17,10:30,Porto Corsini,7.0,10.4,NW
2026-08-17,10:45,Porto Corsini,7.8,10.4,NNW
2026-08-17,11:01,Porto Corsini,7.8,9.6,NNW
2026-08-17,11:05,Porto Corsini,7.0,12.2,NNW
2026-08-17,11:15,Porto Corsini,3.5,11.3,NNW
2026-08-17,11:30,Porto Corsini,3.5,10.4,NW
2026-08-17,11:45,Porto Corsini,5.2,8.7,NNW
2026-08-17,11:54,Porto Corsini,7.8,7.8,WNW
2026-08-17,12:01,Porto Corsini,3.5,10.4,N
2026-08-17,12:15,Porto Corsini,7.8,7.8,ENE
2026-08-17,12:19,Porto Corsini,7.0,7.8,ENE
2026-08-17,12:30,Porto Corsini,5.2,6.1,ENE
2026-08-17,12:45,Porto Corsini,8.7,8.7,E
2026-08-17,12:52,Porto Corsini,7.0,9.6,E
2026-08-17,13:01,Porto Corsini,8.7,8.7,E
2026-08-17,13:13,Porto Corsini,9.6,8.7,ENE
2026-08-17,13:15,Porto Corsini,7.8,9.6,ENE
2026-08-17,13:30,Porto Corsini,8.7,10.4,ENE
2026-08-17,13:39,Porto Corsini,9.6,10.4,E
2026-08-17,13:45,Porto Corsini,10.4,10.4,E
2026-08-17,13:56,Porto Corsini,8.7,10.4,E
2026-08-17,14:01,Porto Corsini,7.8,9.6,ESE
2026-08-17,14:15,Porto Corsini,7.8,7.8,ESE
2026-08-17,14:22,Porto Corsini,11.3,8.7,SE
2026-08-17,14:30,Porto Corsini,9.6,9.6,SE
2026-08-17,14:45,Porto Corsini,8.7,8.7,SE
2026-08-17,15:01,Porto Corsini,9.6,8.7,SE
2026-08-17,15:12,Porto Corsini,9.6,9.6,SE
2026-08-17,15:15,Porto Corsini,9.6,9.6,SE
2026-08-17,15:30,Porto Corsini,9.6,8.7,SE
2026-08-17,15:45,Porto Corsini,8.7,9.6,SE
2026-08-17,15:51,Porto Corsini,8.7,7.8,SE
2026-08-17,16:01,Porto Corsini,8.7,7.8,SSE
2026-08-17,16:14,Porto Corsini,6.1,7.0,SE
2026-08-17,16:15,Porto Corsini,7.0,7.0,SE
2026-08-17,16:30,Porto Corsini,7.0,6.1,SE
2026-08-17,16:44,Porto Corsini,9.6,7.8,SSE
2026-08-17,16:45,Porto Corsini,7.0,7.8,SSE
2026-08-17,17:01,Porto Corsini,12.1,10.4,SSE
2026-08-17,17:15,Porto Corsini,11.3,12.2,SSE
2026-08-17,17:36,Porto Corsini,11.3,10.4,SE
2026-08-17,17:45,Porto Corsini,9.6,9.6,SE
2026-08-17,17:56,Porto Corsini,6.1,7.8,SE
2026-08-17,18:01,Porto Corsini,7.8,7.8,SE
2026-08-17,18:16,Porto Corsini,9.6,8.7,SSE
2026-08-17,18:30,Porto Corsini,10.4,10.4,SSE
2026-08-17,18:45,Porto Corsini,8.7,10.4,SSE
2026-08-17,18:51,Porto Corsini,7.8,9.6,SSE
2026-08-17,09:01,Lido di Volano,1.8,,NW
2026-08-17,09:15,Lido di Volano,1.8,,NW
2026-08-17,09:31,Lido di Volano,1.4,,NW
2026-08-17,09:45,Lido di Volano,2.1,,W
2026-08-17,10:01,Lido di Volano,1.0,,NW
2026-08-17,10:15,Lido di Volano,3.5,,WNW
2026-08-17,10:21,Lido di Volano,2.3,,WSW
2026-08-17,10:30,Lido di Volano,1.8,,W
2026-08-17,10:45,Lido di Volano,3.3,,WNW
2026-08-17,11:01,Lido di Volano,1.8,,NW
2026-08-17,11:05,Lido di Volano,1.8,,N
2026-08-17,11:15,Lido di Volano,1.8,,NW
2026-08-17,11:30,Lido di Volano,3.9,,NW
2026-08-17,11:45,Lido di Volano,3.5,,W
2026-08-17,11:54,Lido di Volano,1.8,,N
2026-08-17,12:01,Lido di Volano,1.9,,N
2026-08-17,12:15,Lido di Volano,1.4,,N
2026-08-17,12:19,Lido di Volano,3.5,,E
2026-08-17,12:30,Lido di Volano,4.9,,SE
2026-08-17,12:45,Lido di Volano,3.3,,ESE
2026-08-17,12:52,Lido di Volano,2.7,,ESE
2026-08-17,13:01,Lido di Volano,3.9,,SSE
2026-08-17,13:13,Lido di Volano,3.7,,ESE
2026-08-17,13:15,Lido di Volano,3.7,,ESE
2026-08-17,13:30,Lido di Volano,4.9,,ESE
2026-08-17,13:39,Lido di Volano,5.6,,E
2026-08-17,13:45,Lido di Volano,5.6,,E
2026-08-17,13:56,Lido di Volano,5.6,,ESE
2026-08-17,14:01,Lido di Volano,6.0,,SE
2026-08-17,14:15,Lido di Volano,4.3,,SSE
2026-08-17,14:22,Lido di Volano,6.2,,SE
2026-08-17,14:30,Lido di Volano,6.6,,ESE
2026-08-17,14:45,Lido di Volano,7.8,,SE
2026-08-17,15:01,Lido di Volano,9.7,,SSE
2026-08-17,15:12,Lido di Volano,9.3,,SSE
2026-08-17,15:15,Lido di Volano,9.9,,SE
2026-08-17,15:30,Lido di Volano,8.6,,SSE
2026-08-17,15:45,Lido di Volano,6.8,,SE
2026-08-17,15:51,Lido di Volano,7.8,,SE
2026-08-17,16:01,Lido di Volano,8.4,,SE
2026-08-17,16:14,Lido di Volano,5.8,,SSE
2026-08-17,16:15,Lido di Volano,5.8,,SSE
2026-08-17,16:30,Lido di Volano,5.6,,SSE
2026-08-17,16:44,Lido di Volano,6.0,,SSE
2026-08-17,16:45,Lido di Volano,5.8,,SSE
2026-08-17,17:01,Lido di Volano,6.4,,SSE
2026-08-17,17:15,Lido di Volano,8.4,,SE
2026-08-17,17:36,Lido di Volano,8.0,,SSE
2026-08-17,17:45,Lido di Volano,8.6,,SSE
2026-08-17,17:56,Lido di Volano,9.3,,SSE
2026-08-17,18:01,Lido di Volano,8.6,,SE
2026-08-17,18:16,Lido di Volano,8.2,,SSE
2026-08-17,18:30,Lido di Volano,8.4,,SSE
2026-08-17,18:45,Lido di Volano,9.3,,SSE
2026-08-17,18:51,Lido di Volano,8.2,,SSE
2026-08-18,09:01,Porto Corsini,6.1,7.8,W
2026-08-18,09:10,Porto Corsini,5.2,7.8,WNW
2026-08-18,09:15,Porto Corsini,5.2,7.8,W
2026-08-18,09:30,Porto Corsini,2.6,6.1,WNW
2026-08-18,09:45,Porto Corsini,1.7,4.3,WSW
2026-08-18,09:50,Porto Corsini,2.6,5.2,SW
2026-08-18,10:01,Porto Corsini,3.5,6.1,W
2026-08-18,10:15,Porto Corsini,1.7,3.5,SW
2026-08-18,10:19,Porto Corsini,3.5,4.3,SSE
2026-08-18,10:30,Porto Corsini,2.6,5.2,SE
2026-08-18,10:45,Porto Corsini,2.6,5.2,ESE
2026-08-18,10:59,Porto Corsini,3.5,6.1,E
2026-08-18,11:01,Porto Corsini,2.6,6.1,ESE
2026-08-18,11:15,Porto Corsini,5.2,6.1,ESE
2026-08-18,11:30,Porto Corsini,6.1,7.0,E
2026-08-18,11:31,Porto Corsini,6.1,7.0,E
2026-08-18,11:45,Porto Corsini,3.5,7.0,E
2026-08-18,12:01,Porto Corsini,7.0,7.8,SE
2026-08-18,12:01,Porto Corsini,5.2,7.8,ESE
2026-08-18,12:15,Porto Corsini,6.1,7.0,ESE
2026-08-18,12:30,Porto Corsini,6.1,7.8,ESE
2026-08-18,12:43,Porto Corsini,7.0,7.8,ESE
2026-08-18,12:45,Porto Corsini,7.8,7.8,ESE
2026-08-18,13:01,Porto Corsini,7.8,8.7,ESE
2026-08-18,13:15,Porto Corsini,7.8,8.7,ESE
2026-08-18,13:30,Porto Corsini,8.7,8.7,ESE
2026-08-18,13:36,Porto Corsini,8.7,9.6,ESE
2026-08-18,13:45,Porto Corsini,7.0,8.7,ESE
2026-08-18,13:57,Porto Corsini,7.8,8.7,ESE
2026-08-18,14:01,Porto Corsini,7.0,8.7,ESE
2026-08-18,14:15,Porto Corsini,9.6,8.7,ESE
2026-08-18,14:30,Porto Corsini,10.4,9.6,ESE
2026-08-18,14:33,Porto Corsini,9.6,9.6,SE
2026-08-18,14:45,Porto Corsini,10.4,9.6,ESE
2026-08-18,15:01,Porto Corsini,10.4,9.6,ESE
2026-08-18,15:15,Porto Corsini,7.8,10.4,SE
2026-08-18,15:26,Porto Corsini,9.6,10.4,SE
2026-08-18,15:30,Porto Corsini,8.7,10.4,SE
2026-08-18,15:45,Porto Corsini,10.4,10.4,SSE
2026-08-18,16:01,Porto Corsini,9.6,9.6,SSE
2026-08-18,16:03,Porto Corsini,10.4,9.6,SE
2026-08-18,16:15,Porto Corsini,9.6,10.4,SE
2026-08-18,16:30,Porto Corsini,12.1,10.4,SE
2026-08-18,16:45,Porto Corsini,10.4,12.2,SE
2026-08-18,16:48,Porto Corsini,10.4,9.6,SE
2026-08-18,17:01,Porto Corsini,11.3,11.3,SE
2026-08-18,17:15,Porto Corsini,9.6,10.4,SSE
2026-08-18,17:18,Porto Corsini,11.3,11.3,SE
2026-08-18,17:30,Porto Corsini,12.1,10.4,SSE
2026-08-18,17:45,Porto Corsini,11.3,11.3,SSE
2026-08-18,17:53,Porto Corsini,11.3,10.4,SSE
2026-08-18,18:01,Porto Corsini,10.4,11.3,SSE
2026-08-18,18:15,Porto Corsini,13.0,12.2,SSE
2026-08-18,18:16,Porto Corsini,13.0,12.2,SSE
2026-08-18,18:30,Porto Corsini,8.7,11.3,S
2026-08-18,18:45,Porto Corsini,10.4,10.4,SSE
2026-08-18,18:54,Porto Corsini,13.0,11.3,SSE
2026-08-18,09:01,Lido di Volano,0.0,,NE
2026-08-18,09:10,Lido di Volano,0.0,,?
2026-08-18,09:15,Lido di Volano,1.2,,NE
2026-08-18,09:30,Lido di Volano,1.9,,ENE
2026-08-18,09:45,Lido di Volano,3.5,,ENE
2026-08-18,09:50,Lido di Volano,3.3,,ENE
2026-08-18,10:01,Lido di Volano,4.1,,ENE
2026-08-18,10:15,Lido di Volano,4.9,,E
2026-08-18,10:19,Lido di Volano,4.7,,E
2026-08-18,10:30,Lido di Volano,4.1,,ESE
2026-08-18,10:45,Lido di Volano,3.5,,ENE
2026-08-18,10:59,Lido di Volano,8.9,,ENE
2026-08-18,11:01,Lido di Volano,8.9,,ENE
2026-08-18,11:15,Lido di Volano,7.0,,E
2026-08-18,11:30,Lido di Volano,5.6,,ENE
2026-08-18,11:31,Lido di Volano,5.6,,ENE
2026-08-18,11:45,Lido di Volano,5.2,,E
2026-08-18,12:01,Lido di Volano,4.1,,E
2026-08-18,12:01,Lido di Volano,4.1,,E
2026-08-18,12:15,Lido di Volano,3.5,,E
2026-08-18,12:30,Lido di Volano,4.1,,ESE
2026-08-18,12:43,Lido di Volano,3.7,,SE
2026-08-18,12:45,Lido di Volano,3.7,,ESE
2026-08-18,13:01,Lido di Volano,3.1,,SE
2026-08-18,13:15,Lido di Volano,3.9,,SE
2026-08-18,13:30,Lido di Volano,2.5,,SE
2026-08-18,13:36,Lido di Volano,3.5,,ESE
2026-08-18,13:45,Lido di Volano,4.1,,SE
2026-08-18,13:57,Lido di Volano,5.2,,SE
2026-08-18,14:01,Lido di Volano,5.8,,SE
2026-08-18,14:15,Lido di Volano,6.0,,SSE
2026-08-18,14:30,Lido di Volano,4.3,,SSE
2026-08-18,14:33,Lido di Volano,4.3,,SSE
2026-08-18,14:45,Lido di Volano,5.6,,SE
2026-08-18,15:01,Lido di Volano,6.0,,SSE
2026-08-18,15:15,Lido di Volano,7.4,,SSE
2026-08-18,15:26,Lido di Volano,6.8,,SE
2026-08-18,15:30,Lido di Volano,8.4,,SE
2026-08-18,15:45,Lido di Volano,7.2,,ESE
2026-08-18,16:01,Lido di Volano,8.4,,SE
2026-08-18,16:03,Lido di Volano,6.4,,SE
2026-08-18,16:15,Lido di Volano,7.0,,SE
2026-08-18,16:30,Lido di Volano,7.2,,SE
2026-08-18,16:45,Lido di Volano,8.7,,SE
2026-08-18,16:48,Lido di Volano,8.7,,SE
2026-08-18,17:01,Lido di Volano,7.0,,SE
2026-08-18,17:15,Lido di Volano,6.4,,SE
2026-08-18,17:18,Lido di Volano,7.0,,ESE
2026-08-18,17:30,Lido di Volano,8.6,,SE
2026-08-18,17:45,Lido di Volano,7.8,,SSE
2026-08-18,17:53,Lido di Volano,9.7,,SE
2026-08-18,18:01,Lido di Volano,8.9,,SSE
2026-08-18,18:15,Lido di Volano,9.5,,SE
2026-08-18,18:16,Lido di Volano,8.9,,SE
2026-08-18,18:30,Lido di Volano,8.7,,SE
2026-08-18,18:45,Lido di Volano,8.9,,SSE
2026-08-18,18:54,Lido di Volano,8.4,,SSE
2026-08-18,17:15,Baia di Maui,9.6,,SE
2026-08-18,17:18,Baia di Maui,8.7,,ESE
2026-08-18,17:30,Baia di Maui,8.7,,ESE
2026-08-18,17:45,Baia di Maui,7.8,,ESE
2026-08-18,17:53,Baia di Maui,10.4,,ESE
2026-08-18,18:01,Baia di Maui,8.7,,ESE
2026-08-18,18:15,Baia di Maui,6.1,,ESE
2026-08-18,18:16,Baia di Maui,8.7,,SE
2026-08-18,18:30,Baia di Maui,7.8,,SE
2026-08-18,18:45,Baia di Maui,5.2,,SE
2026-08-18,18:54,Baia di Maui,6.1,,SE
2026-08-19,09:01,Porto Corsini,1.7,5.2,NW
2026-08-19,09:11,Porto Corsini,1.7,2.6,WNW
2026-08-19,09:15,Porto Corsini,2.6,2.6,W
2026-08-19,09:30,Porto Corsini,0.9,,NNW
2026-08-19,09:45,Porto Corsini,3.5,3.5,WNW
2026-08-19,09:51,Porto Corsini,2.6,3.5,SW
2026-08-19,10:01,Porto Corsini,1.7,3.5,SSE
2026-08-19,10:15,Porto Corsini,0.9,,S
2026-08-19,10:21,Porto Corsini,5.2,5.2,SSE
2026-08-19,10:30,Porto Corsini,7.0,6.1,SE
2026-08-19,10:45,Porto Corsini,6.1,6.1,SE
2026-08-19,11:01,Porto Corsini,4.3,4.3,SE
2026-08-19,11:15,Porto Corsini,3.5,6.1,ESE
2026-08-19,11:30,Porto Corsini,6.1,7.0,ESE
2026-08-19,11:45,Porto Corsini,6.1,6.1,ESE
2026-08-19,11:46,Porto Corsini,6.1,6.1,ESE
2026-08-19,12:01,Porto Corsini,6.1,7.0,ESE
2026-08-19,12:15,Porto Corsini,7.8,7.8,ESE
2026-08-19,12:30,Porto Corsini,9.6,8.7,ESE
2026-08-19,12:45,Porto Corsini,9.6,8.7,ESE
2026-08-19,12:50,Porto Corsini,7.0,8.7,E
2026-08-19,13:01,Porto Corsini,7.8,8.7,ESE
2026-08-19,13:13,Porto Corsini,7.8,8.7,SE
2026-08-19,13:15,Porto Corsini,8.7,8.7,ESE
2026-08-19,13:30,Porto Corsini,7.8,10.4,SE
2026-08-19,13:37,Porto Corsini,9.6,8.7,ESE
2026-08-19,13:45,Porto Corsini,7.8,8.7,ESE
2026-08-19,13:57,Porto Corsini,8.7,8.7,ESE
2026-08-19,14:01,Porto Corsini,7.8,8.7,ESE
2026-08-19,14:15,Porto Corsini,7.8,8.7,ESE
2026-08-19,14:30,Porto Corsini,10.4,8.7,SE
2026-08-19,14:32,Porto Corsini,9.6,8.7,SE
2026-08-19,14:45,Porto Corsini,10.4,8.7,SE
2026-08-19,15:01,Porto Corsini,8.7,9.6,ESE
2026-08-19,15:15,Porto Corsini,8.7,9.6,ESE
2026-08-19,15:28,Porto Corsini,11.3,11.3,SE
2026-08-19,15:30,Porto Corsini,12.1,11.3,SE
2026-08-19,15:45,Porto Corsini,9.6,11.3,SE
2026-08-19,16:01,Porto Corsini,9.6,9.6,SE
2026-08-19,16:05,Porto Corsini,11.3,11.3,SE
2026-08-19,16:15,Porto Corsini,13.0,12.2,SE
2026-08-19,16:30,Porto Corsini,13.9,13.0,SSE
2026-08-19,16:45,Porto Corsini,15.7,12.2,SSE
2026-08-19,16:49,Porto Corsini,13.9,13.0,SE
2026-08-19,17:01,Porto Corsini,15.7,13.0,SSE
2026-08-19,17:15,Porto Corsini,13.9,13.9,SSE
2026-08-19,17:18,Porto Corsini,15.7,13.9,SSE
2026-08-19,17:30,Porto Corsini,12.1,13.0,N
2026-08-19,17:45,Porto Corsini,14.8,13.0,SSE
2026-08-19,17:53,Porto Corsini,13.9,13.9,SSE
2026-08-19,18:01,Porto Corsini,12.1,13.0,SE
2026-08-19,18:15,Porto Corsini,11.3,12.2,SSE
2026-08-19,18:16,Porto Corsini,11.3,12.2,SSE
2026-08-19,18:30,Porto Corsini,11.3,12.2,SSE
2026-08-19,18:45,Porto Corsini,12.1,9.6,SSE
2026-08-19,18:52,Porto Corsini,11.3,10.4,SSE
2026-08-19,09:01,Baia di Maui,0.0,,SSW
2026-08-19,09:11,Baia di Maui,0.0,,SSW
2026-08-19,09:15,Baia di Maui,2.6,,SSW
2026-08-19,09:30,Baia di Maui,2.6,,E
2026-08-19,09:45,Baia di Maui,2.6,,ESE
2026-08-19,09:51,Baia di Maui,4.3,,SE
2026-08-19,10:01,Baia di Maui,2.6,,ESE
2026-08-19,10:15,Baia di Maui,3.5,,ESE
2026-08-19,10:21,Baia di Maui,3.5,,ESE
2026-08-19,10:30,Baia di Maui,4.3,,E
2026-08-19,10:45,Baia di Maui,4.3,,ENE
2026-08-19,11:01,Baia di Maui,5.2,,E
2026-08-19,11:15,Baia di Maui,6.1,,E
2026-08-19,11:30,Baia di Maui,3.5,,E
2026-08-19,11:45,Baia di Maui,4.3,,E
2026-08-19,11:46,Baia di Maui,6.1,,E
2026-08-19,12:01,Baia di Maui,2.6,,E
2026-08-19,12:15,Baia di Maui,4.3,,E
2026-08-19,12:30,Baia di Maui,7.8,,E
2026-08-19,12:45,Baia di Maui,5.2,,ENE
2026-08-19,12:50,Baia di Maui,5.2,,E
2026-08-19,13:01,Baia di Maui,6.1,,ENE
2026-08-19,13:13,Baia di Maui,5.2,,E
2026-08-19,13:15,Baia di Maui,6.1,,ENE
2026-08-19,13:30,Baia di Maui,4.3,,ENE
2026-08-19,13:37,Baia di Maui,6.1,,ENE
2026-08-19,13:45,Baia di Maui,6.1,,ENE
2026-08-19,13:57,Baia di Maui,7.0,,ENE
2026-08-19,14:01,Baia di Maui,4.3,,ENE
2026-08-19,14:15,Baia di Maui,7.0,,ENE
2026-08-19,14:30,Baia di Maui,4.3,,E
2026-08-19,14:32,Baia di Maui,6.1,,E
2026-08-19,14:45,Baia di Maui,6.1,,E
2026-08-19,15:01,Baia di Maui,7.0,,E
2026-08-19,15:15,Baia di Maui,7.0,,ESE
2026-08-19,15:28,Baia di Maui,8.7,,E
2026-08-19,15:30,Baia di Maui,6.1,,E
2026-08-19,15:45,Baia di Maui,5.2,,ESE
2026-08-19,16:01,Baia di Maui,9.6,,SE
2026-08-19,16:05,Baia di Maui,7.8,,ESE
2026-08-19,16:15,Baia di Maui,9.6,,ESE
2026-08-19,16:30,Baia di Maui,6.1,,ESE
2026-08-19,16:45,Baia di Maui,7.8,,ESE
2026-08-19,16:49,Baia di Maui,7.8,,ESE
2026-08-19,17:01,Baia di Maui,10.4,,ESE
2026-08-19,17:15,Baia di Maui,8.7,,ESE
2026-08-19,17:18,Baia di Maui,8.7,,SE
2026-08-19,17:30,Baia di Maui,13.0,,ESE
2026-08-19,17:45,Baia di Maui,10.4,,ESE
2026-08-19,17:53,Baia di Maui,10.4,,ESE
2026-08-19,18:01,Baia di Maui,10.4,,SE
2026-08-19,18:15,Baia di Maui,7.0,,SE
2026-08-19,18:16,Baia di Maui,9.6,,SE
2026-08-19,18:30,Baia di Maui,10.4,,SE
2026-08-19,18:45,Baia di Maui,10.4,,SE
2026-08-19,18:52,Baia di Maui,6.1,,ESE
2026-08-19,09:01,Lido di Volano,9.5,,E
2026-08-19,09:11,Lido di Volano,9.9,,E
2026-08-19,09:15,Lido di Volano,9.5,,E
2026-08-19,09:30,Lido di Volano,9.3,,E
2026-08-19,09:45,Lido di Volano,11.1,,ESE
2026-08-19,09:51,Lido di Volano,8.4,,ESE
2026-08-19,10:01,Lido di Volano,7.8,,ESE
2026-08-19,10:15,Lido di Volano,8.4,,ESE
2026-08-19,10:21,Lido di Volano,8.9,,E
2026-08-19,10:30,Lido di Volano,8.9,,E
2026-08-19,10:45,Lido di Volano,7.8,,E
2026-08-19,11:01,Lido di Volano,7.8,,ESE
2026-08-19,11:15,Lido di Volano,8.6,,E
2026-08-19,11:30,Lido di Volano,6.4,,ESE
2026-08-19,11:45,Lido di Volano,7.2,,E
2026-08-19,11:46,Lido di Volano,7.2,,E
2026-08-19,12:01,Lido di Volano,7.4,,E
2026-08-19,12:15,Lido di Volano,6.6,,E
2026-08-19,12:30,Lido di Volano,7.0,,E
2026-08-19,12:45,Lido di Volano,6.8,,E
2026-08-19,12:50,Lido di Volano,6.6,,ESE
2026-08-19,13:01,Lido di Volano,6.4,,E
2026-08-19,13:13,Lido di Volano,7.0,,ESE
2026-08-19,13:15,Lido di Volano,6.6,,E
2026-08-19,13:30,Lido di Volano,6.6,,E
2026-08-19,13:37,Lido di Volano,7.0,,E
2026-08-19,13:45,Lido di Volano,7.4,,ESE
2026-08-19,13:57,Lido di Volano,7.8,,E
2026-08-19,14:01,Lido di Volano,8.4,,E
2026-08-19,14:15,Lido di Volano,7.8,,E
2026-08-19,14:30,Lido di Volano,7.8,,E
2026-08-19,14:32,Lido di Volano,7.8,,E
2026-08-19,14:45,Lido di Volano,8.2,,E
2026-08-19,15:01,Lido di Volano,8.4,,ESE
2026-08-19,15:15,Lido di Volano,8.4,,E
2026-08-19,15:28,Lido di Volano,8.2,,E
2026-08-19,15:30,Lido di Volano,7.4,,E
2026-08-19,15:45,Lido di Volano,7.4,,ESE
2026-08-19,16:01,Lido di Volano,8.2,,E
2026-08-19,16:05,Lido di Volano,7.4,,E
2026-08-19,16:15,Lido di Volano,6.0,,E
2026-08-19,16:30,Lido di Volano,6.2,,ESE
2026-08-19,16:45,Lido di Volano,6.8,,E
2026-08-19,16:49,Lido di Volano,7.8,,ESE
2026-08-19,17:01,Lido di Volano,8.2,,E
2026-08-19,17:15,Lido di Volano,8.2,,E
2026-08-19,17:18,Lido di Volano,9.5,,ESE
2026-08-19,17:30,Lido di Volano,10.3,,ESE
2026-08-19,17:45,Lido di Volano,11.5,,ESE
2026-08-19,17:53,Lido di Volano,11.5,,SE
2026-08-19,18:01,Lido di Volano,11.5,,SE
2026-08-19,18:15,Lido di Volano,10.5,,ESE
2026-08-19,18:16,Lido di Volano,10.5,,ESE
2026-08-19,18:30,Lido di Volano,12.2,,ESE
2026-08-19,18:45,Lido di Volano,10.1,,ESE
2026-08-19,18:52,Lido di Volano,11.5,,ESE
2026-08-20,09:01,Porto Corsini,7.0,9.6,WSW
2026-08-20,09:13,Porto Corsini,9.6,12.2,W
2026-08-20,09:15,Porto Corsini,5.2,12.2,W
2026-08-20,09:31,Porto Corsini,13.0,10.4,W
2026-08-20,09:45,Porto Corsini,7.0,10.4,WSW
2026-08-20,09:55,Porto Corsini,5.2,9.6,SW
2026-08-20,10:01,Porto Corsini,7.8,9.6,WSW
2026-08-20,10:15,Porto Corsini,5.2,7.0,SW
2026-08-20,10:23,Porto Corsini,2.6,7.8,SSW
2026-08-20,10:30,Porto Corsini,7.0,7.8,SSE
2026-08-20,10:45,Porto Corsini,11.3,12.2,SE
2026-08-20,11:01,Porto Corsini,11.3,10.4,SSE
2026-08-20,11:01,Porto Corsini,12.1,10.4,SE
2026-08-20,11:15,Porto Corsini,11.3,11.3,SE
2026-08-20,11:30,Porto Corsini,12.1,12.2,SE
2026-08-20,11:45,Porto Corsini,13.0,11.3,SE
2026-08-20,11:47,Porto Corsini,13.0,11.3,SE
2026-08-20,12:01,Porto Corsini,14.8,11.3,SE
2026-08-20,12:15,Porto Corsini,9.6,13.0,SE
2026-08-20,12:16,Porto Corsini,15.7,13.0,SSE
2026-08-20,12:30,Porto Corsini,11.3,14.8,SE
2026-08-20,12:45,Porto Corsini,16.5,11.3,SE
2026-08-20,12:53,Porto Corsini,15.7,13.9,SE
2026-08-20,13:01,Porto Corsini,14.8,13.0,SE
2026-08-20,13:15,Porto Corsini,13.9,13.0,ESE
2026-08-20,13:15,Porto Corsini,14.8,13.0,ESE
2026-08-20,13:30,Porto Corsini,13.0,13.9,SE
2026-08-20,13:42,Porto Corsini,11.3,10.4,SE
2026-08-20,13:45,Porto Corsini,9.6,12.2,ESE
2026-08-20,14:01,Porto Corsini,14.8,11.3,ESE
2026-08-20,14:15,Porto Corsini,13.9,12.2,SE
2026-08-20,14:30,Porto Corsini,15.7,12.2,ESE
2026-08-20,14:45,Porto Corsini,15.7,14.8,SE
2026-08-20,15:01,Porto Corsini,13.9,13.9,SE
2026-08-20,15:07,Porto Corsini,13.0,13.9,SE
2026-08-20,15:15,Porto Corsini,13.9,13.9,SE
2026-08-20,15:30,Porto Corsini,16.5,13.0,SE
2026-08-20,15:45,Porto Corsini,15.7,13.0,SSE
2026-08-20,15:56,Porto Corsini,16.5,16.5,SSE
2026-08-20,16:01,Porto Corsini,14.8,15.6,SSE
2026-08-20,16:15,Porto Corsini,12.1,16.5,SSE
2026-08-20,16:24,Porto Corsini,18.3,16.5,SSE
2026-08-20,16:31,Porto Corsini,19.1,15.6,SSE
2026-08-20,16:45,Porto Corsini,17.4,15.6,SSE
2026-08-20,17:01,Porto Corsini,15.7,13.9,SSE
2026-08-20,17:15,Porto Corsini,16.5,16.5,SSE
2026-08-20,17:30,Porto Corsini,18.3,18.2,SSE
2026-08-20,17:47,Porto Corsini,18.3,17.4,SE
2026-08-20,18:01,Porto Corsini,19.1,17.4,SSE
2026-08-20,18:15,Porto Corsini,19.1,18.2,SSE
2026-08-20,18:18,Porto Corsini,18.3,15.6,SSE
2026-08-20,18:30,Porto Corsini,18.3,15.6,SSE
2026-08-20,18:45,Porto Corsini,19.1,16.5,SSE
2026-08-20,18:57,Porto Corsini,16.5,16.5,SE
2026-08-20,09:01,Baia di Maui,3.5,,S
2026-08-20,09:13,Baia di Maui,1.7,,S
2026-08-20,09:15,Baia di Maui,3.5,,SE
2026-08-20,09:31,Baia di Maui,3.5,,SSW
2026-08-20,09:45,Baia di Maui,0.0,,S
2026-08-20,09:55,Baia di Maui,2.6,,SW
2026-08-20,10:01,Baia di Maui,3.5,,SSW
2026-08-20,10:15,Baia di Maui,5.2,,S
2026-08-20,10:23,Baia di Maui,4.3,,S
2026-08-20,10:30,Baia di Maui,1.7,,SW
2026-08-20,10:45,Baia di Maui,0.0,,SSE
2026-08-20,11:01,Baia di Maui,2.6,,SE
2026-08-20,11:01,Baia di Maui,3.5,,S
2026-08-20,11:15,Baia di Maui,8.7,,ESE
2026-08-20,11:30,Baia di Maui,9.6,,ESE
2026-08-20,11:45,Baia di Maui,12.1,,SE
2026-08-20,11:47,Baia di Maui,7.0,,SE
2026-08-20,12:01,Baia di Maui,7.8,,ESE
2026-08-20,12:15,Baia di Maui,7.8,,SE
2026-08-20,12:16,Baia di Maui,10.4,,ESE
2026-08-20,12:30,Baia di Maui,11.3,,ESE
2026-08-20,12:45,Baia di Maui,6.1,,SE
2026-08-20,12:53,Baia di Maui,11.3,,ESE
2026-08-20,13:01,Baia di Maui,9.6,,SE
2026-08-20,13:15,Baia di Maui,7.8,,E
2026-08-20,13:15,Baia di Maui,7.8,,ESE
2026-08-20,13:30,Baia di Maui,5.2,,E
2026-08-20,13:42,Baia di Maui,4.3,,E
2026-08-20,13:45,Baia di Maui,7.0,,ESE
2026-08-20,14:01,Baia di Maui,6.1,,E
2026-08-20,14:15,Baia di Maui,7.8,,ESE
2026-08-20,14:30,Baia di Maui,9.6,,E
2026-08-20,14:45,Baia di Maui,10.4,,E
2026-08-20,15:01,Baia di Maui,10.4,,SE
2026-08-20,15:07,Baia di Maui,11.3,,ESE
2026-08-20,15:15,Baia di Maui,7.0,,SE
2026-08-20,15:30,Baia di Maui,13.9,,ESE
2026-08-20,15:45,Baia di Maui,11.3,,ESE
2026-08-20,15:56,Baia di Maui,13.0,,SE
2026-08-20,16:01,Baia di Maui,13.9,,SE
2026-08-20,16:15,Baia di Maui,13.0,,SE
2026-08-20,16:24,Baia di Maui,13.9,,ESE
2026-08-20,16:31,Baia di Maui,14.8,,SE
2026-08-20,16:45,Baia di Maui,10.4,,SE
2026-08-20,17:01,Baia di Maui,12.1,,SE
2026-08-20,17:15,Baia di Maui,15.7,,SE
2026-08-20,17:30,Baia di Maui,13.9,,ESE
2026-08-20,17:47,Baia di Maui,12.1,,SE
2026-08-20,18:01,Baia di Maui,19.1,,ESE
2026-08-20,18:15,Baia di Maui,12.1,,ESE
2026-08-20,18:18,Baia di Maui,11.3,,SE
2026-08-20,18:30,Baia di Maui,15.7,,SE
2026-08-20,18:45,Baia di Maui,10.4,,SE
2026-08-20,18:57,Baia di Maui,13.9,,SE
2026-08-20,09:01,Lido di Volano,4.7,,S
2026-08-20,09:13,Lido di Volano,5.2,,SE
2026-08-20,09:15,Lido di Volano,5.2,,SE
2026-08-20,09:31,Lido di Volano,2.9,,SSE
2026-08-20,09:45,Lido di Volano,5.4,,SSE
2026-08-20,09:55,Lido di Volano,3.3,,SE
2026-08-20,10:01,Lido di Volano,3.5,,SE
2026-08-20,10:15,Lido di Volano,5.6,,SSE
2026-08-20,10:23,Lido di Volano,5.6,,SSE
2026-08-20,10:30,Lido di Volano,5.6,,SSE
2026-08-20,10:45,Lido di Volano,4.9,,SSE
2026-08-20,11:01,Lido di Volano,6.0,,SE
2026-08-20,11:01,Lido di Volano,6.0,,SE
2026-08-20,11:15,Lido di Volano,6.4,,SE
2026-08-20,11:30,Lido di Volano,6.6,,SE
2026-08-20,11:45,Lido di Volano,8.4,,ESE
2026-08-20,11:47,Lido di Volano,8.4,,ESE
2026-08-20,12:01,Lido di Volano,9.5,,ESE
2026-08-20,12:15,Lido di Volano,10.7,,ESE
2026-08-20,12:16,Lido di Volano,10.7,,ESE
2026-08-20,12:30,Lido di Volano,10.3,,ESE
2026-08-20,12:45,Lido di Volano,12.2,,ESE
2026-08-20,12:53,Lido di Volano,11.7,,ESE
2026-08-20,13:01,Lido di Volano,11.3,,ESE
2026-08-20,13:15,Lido di Volano,10.3,,ESE
2026-08-20,13:15,Lido di Volano,10.3,,ESE
2026-08-20,13:30,Lido di Volano,8.6,,ESE
2026-08-20,13:42,Lido di Volano,8.0,,ESE
2026-08-20,13:45,Lido di Volano,8.7,,ESE
2026-08-20,14:01,Lido di Volano,8.7,,ESE
2026-08-20,14:15,Lido di Volano,9.3,,ESE
2026-08-20,14:30,Lido di Volano,9.3,,ESE
2026-08-20,14:45,Lido di Volano,9.3,,ESE
2026-08-20,15:01,Lido di Volano,8.7,,ESE
2026-08-20,15:07,Lido di Volano,11.1,,E
2026-08-20,15:15,Lido di Volano,11.5,,ESE
2026-08-20,15:30,Lido di Volano,13.2,,ESE
2026-08-20,15:45,Lido di Volano,13.8,,ESE
2026-08-20,15:56,Lido di Volano,17.1,,SE
2026-08-20,16:01,Lido di Volano,17.3,,SE
2026-08-20,16:15,Lido di Volano,16.3,,SE
2026-08-20,16:24,Lido di Volano,18.5,,SE
2026-08-20,16:31,Lido di Volano,18.9,,ESE
2026-08-20,16:45,Lido di Volano,16.9,,SE
2026-08-20,17:01,Lido di Volano,15.2,,SE
2026-08-20,17:15,Lido di Volano,16.5,,SE
2026-08-20,17:30,Lido di Volano,15.6,,ESE
2026-08-20,17:47,Lido di Volano,10.7,,ESE
2026-08-20,18:01,Lido di Volano,15.4,,ESE
2026-08-20,18:15,Lido di Volano,15.0,,ESE
2026-08-20,18:18,Lido di Volano,14.8,,ESE
2026-08-20,18:30,Lido di Volano,14.2,,ESE
2026-08-20,18:45,Lido di Volano,14.2,,SE
2026-08-20,18:57,Lido di Volano,12.6,,SE
2026-08-21,09:01,Porto Corsini,1.7,12.2,W
2026-08-21,09:13,Porto Corsini,1.7,12.2,W
2026-08-21,09:15,Porto Corsini,0.0,12.2,W
2026-08-21,09:30,Porto Corsini,0.0,12.2,WSW
2026-08-21,09:45,Porto Corsini,0.0,12.2,NNW
2026-08-21,09:55,Porto Corsini,0.9,12.2,NNW
2026-08-21,10:01,Porto Corsini,3.5,12.2,N
2026-08-21,10:15,Porto Corsini,0.0,12.2,N
2026-08-21,10:25,Porto Corsini,3.5,12.2,NE
2026-08-21,10:30,Porto Corsini,4.3,12.2,NNE
2026-08-21,10:45,Porto Corsini,2.6,12.2,N
2026-08-21,11:01,Porto Corsini,1.7,12.2,NW
2026-08-21,11:04,Porto Corsini,1.7,12.2,NNE
2026-08-21,11:15,Porto Corsini,0.0,12.2,NNE
2026-08-21,11:30,Porto Corsini,2.6,12.2,NNE
2026-08-21,11:45,Porto Corsini,10.4,12.2,NNE
2026-08-21,11:49,Porto Corsini,10.4,12.2,NNE
2026-08-21,12:01,Porto Corsini,10.4,12.2,ENE
2026-08-21,12:15,Porto Corsini,7.8,12.2,ESE
2026-08-21,12:16,Porto Corsini,7.0,12.2,ESE
2026-08-21,12:30,Porto Corsini,10.4,12.2,E
2026-08-21,12:45,Porto Corsini,10.4,12.2,E
2026-08-21,12:53,Porto Corsini,11.3,12.2,ESE
2026-08-21,13:01,Porto Corsini,12.1,12.2,ESE
2026-08-21,13:14,Porto Corsini,9.6,12.2,E
2026-08-21,13:15,Porto Corsini,9.6,12.2,E
2026-08-21,13:30,Porto Corsini,9.6,12.2,SE
2026-08-21,13:41,Porto Corsini,8.7,12.2,ESE
2026-08-21,13:45,Porto Corsini,12.1,12.2,SE
2026-08-21,13:59,Porto Corsini,2.6,12.2,SE
2026-08-21,14:01,Porto Corsini,10.4,12.2,S
2026-08-21,14:15,Porto Corsini,8.7,12.2,SW
2026-08-21,14:30,Porto Corsini,10.4,12.2,WNW
2026-08-21,14:44,Porto Corsini,3.5,12.2,N
2026-08-21,14:45,Porto Corsini,3.5,12.2,N
2026-08-21,15:01,Porto Corsini,2.6,12.2,NNW
2026-08-21,15:15,Porto Corsini,0.9,12.2,S
2026-08-21,15:30,Porto Corsini,3.5,12.2,S
2026-08-21,15:31,Porto Corsini,3.5,12.2,S
2026-08-21,15:45,Porto Corsini,5.2,12.2,SSE
2026-08-21,16:01,Porto Corsini,0.9,12.2,SSE
2026-08-21,16:15,Porto Corsini,3.5,12.2,SSW
2026-08-21,16:17,Porto Corsini,4.3,12.2,S
2026-08-21,16:30,Porto Corsini,3.5,12.2,SSW
2026-08-21,16:45,Porto Corsini,4.3,12.2,SW
2026-08-21,16:59,Porto Corsini,5.2,12.2,S
2026-08-21,17:01,Porto Corsini,7.0,12.2,ESE
2026-08-21,17:15,Porto Corsini,6.1,12.2,SSW
2026-08-21,17:29,Porto Corsini,5.2,12.2,S
2026-08-21,17:30,Porto Corsini,9.6,12.2,S
2026-08-21,17:45,Porto Corsini,5.2,12.2,S
2026-08-21,17:58,Porto Corsini,7.0,12.2,SSW
2026-08-21,18:01,Porto Corsini,9.6,12.2,SSW
2026-08-21,18:15,Porto Corsini,5.2,12.2,SSW
2026-08-21,18:27,Porto Corsini,7.0,12.2,S
2026-08-21,18:30,Porto Corsini,7.0,12.2,SSW
2026-08-21,18:45,Porto Corsini,1.7,12.2,SW
2026-08-21,09:01,Baia di Maui,0.0,,SSW
2026-08-21,09:13,Baia di Maui,0.0,,SW
2026-08-21,09:15,Baia di Maui,2.6,,W
2026-08-21,09:30,Baia di Maui,0.0,,WSW
2026-08-21,09:45,Baia di Maui,0.0,,SW
2026-08-21,09:55,Baia di Maui,0.0,,SW
2026-08-21,10:01,Baia di Maui,0.0,,SW
2026-08-21,10:15,Baia di Maui,0.0,,NW
2026-08-21,10:25,Baia di Maui,3.5,,NW
2026-08-21,10:30,Baia di Maui,4.3,,NW
2026-08-21,10:45,Baia di Maui,0.9,,NW
2026-08-21,11:01,Baia di Maui,7.0,,N
2026-08-21,11:04,Baia di Maui,6.1,,NNE
2026-08-21,11:15,Baia di Maui,1.7,,W
2026-08-21,11:30,Baia di Maui,7.0,,N
2026-08-21,11:45,Baia di Maui,7.8,,NNE
2026-08-21,11:49,Baia di Maui,8.7,,N
2026-08-21,12:01,Baia di Maui,8.7,,NNE
2026-08-21,12:15,Baia di Maui,6.1,,NE
2026-08-21,12:16,Baia di Maui,7.0,,NNE
2026-08-21,12:30,Baia di Maui,6.1,,NE
2026-08-21,12:45,Baia di Maui,6.1,,NE
2026-08-21,12:53,Baia di Maui,9.6,,NNE
2026-08-21,13:01,Baia di Maui,5.2,,ENE
2026-08-21,13:14,Baia di Maui,8.7,,ENE
2026-08-21,13:15,Baia di Maui,9.6,,ENE
2026-08-21,13:30,Baia di Maui,7.0,,NE
2026-08-21,13:41,Baia di Maui,8.7,,NE
2026-08-21,13:45,Baia di Maui,6.1,,ENE
2026-08-21,13:59,Baia di Maui,7.8,,ENE
2026-08-21,14:01,Baia di Maui,7.8,,ENE
2026-08-21,14:15,Baia di Maui,9.6,,WNW
2026-08-21,14:30,Baia di Maui,5.2,,WSW
2026-08-21,14:44,Baia di Maui,2.6,,S
2026-08-21,14:45,Baia di Maui,0.9,,SW
2026-08-21,15:01,Baia di Maui,0.0,,SSE
2026-08-21,15:15,Baia di Maui,0.0,,SSE
2026-08-21,15:30,Baia di Maui,0.0,,SSE
2026-08-21,15:31,Baia di Maui,0.0,,SSE
2026-08-21,15:45,Baia di Maui,2.6,,SSE
2026-08-21,16:01,Baia di Maui,2.6,,SE
2026-08-21,16:15,Baia di Maui,6.1,,SSE
2026-08-21,16:17,Baia di Maui,5.2,,S
2026-08-21,16:30,Baia di Maui,5.2,,SE
2026-08-21,16:45,Baia di Maui,4.3,,SE
2026-08-21,16:59,Baia di Maui,6.1,,SSE
2026-08-21,17:01,Baia di Maui,5.2,,SSE
2026-08-21,17:15,Baia di Maui,5.2,,S
2026-08-21,17:29,Baia di Maui,4.3,,S
2026-08-21,17:30,Baia di Maui,7.8,,SSE
2026-08-21,17:45,Baia di Maui,2.6,,SSE
2026-08-21,17:58,Baia di Maui,0.0,,S
2026-08-21,18:01,Baia di Maui,5.2,,SSE
2026-08-21,18:15,Baia di Maui,5.2,,SSE
2026-08-21,18:27,Baia di Maui,1.7,,S
2026-08-21,18:30,Baia di Maui,0.0,,S
2026-08-21,18:45,Baia di Maui,0.9,,S
2026-08-21,09:01,Lido di Volano,0.0,,WSW
2026-08-21,09:13,Lido di Volano,1.2,,W
2026-08-21,09:15,Lido di Volano,0.0,,W
2026-08-21,09:30,Lido di Volano,0.0,,W
2026-08-21,09:45,Lido di Volano,1.2,,NW
2026-08-21,09:55,Lido di Volano,1.8,,NNW
2026-08-21,10:01,Lido di Volano,3.9,,NW
2026-08-21,10:15,Lido di Volano,1.2,,NW
2026-08-21,10:25,Lido di Volano,1.9,,NW
2026-08-21,10:30,Lido di Volano,0.6,,NNW
2026-08-21,10:45,Lido di Volano,2.3,,W
2026-08-21,11:01,Lido di Volano,2.3,,NNW
2026-08-21,11:04,Lido di Volano,2.3,,NNW
2026-08-21,11:15,Lido di Volano,3.1,,N
2026-08-21,11:30,Lido di Volano,4.9,,NW
2026-08-21,11:45,Lido di Volano,8.7,,NE
2026-08-21,11:49,Lido di Volano,8.7,,NE
2026-08-21,12:01,Lido di Volano,10.3,,NE
2026-08-21,12:15,Lido di Volano,7.4,,NE
2026-08-21,12:16,Lido di Volano,7.4,,NE
2026-08-21,12:30,Lido di Volano,6.2,,NE
2026-08-21,12:45,Lido di Volano,8.7,,ENE
2026-08-21,12:53,Lido di Volano,8.7,,ENE
2026-08-21,13:01,Lido di Volano,7.6,,ENE
2026-08-21,13:14,Lido di Volano,7.6,,NE
2026-08-21,13:15,Lido di Volano,7.6,,NE
2026-08-21,13:30,Lido di Volano,8.2,,ENE
2026-08-21,13:41,Lido di Volano,11.7,,ENE
2026-08-21,13:45,Lido di Volano,11.7,,ENE
2026-08-21,13:59,Lido di Volano,8.6,,ENE
2026-08-21,14:01,Lido di Volano,8.6,,ENE
2026-08-21,14:15,Lido di Volano,10.7,,ENE
2026-08-21,14:30,Lido di Volano,2.9,,WSW
2026-08-21,14:44,Lido di Volano,3.1,,SSW
2026-08-21,14:45,Lido di Volano,3.1,,SSW
2026-08-21,15:01,Lido di Volano,0.0,,SW
2026-08-21,15:15,Lido di Volano,1.2,,NNE
2026-08-21,15:30,Lido di Volano,2.3,,N
2026-08-21,15:31,Lido di Volano,2.3,,N
2026-08-21,15:45,Lido di Volano,2.5,,NNE
2026-08-21,16:01,Lido di Volano,4.1,,ESE
2026-08-21,16:15,Lido di Volano,6.4,,ESE
2026-08-21,16:17,Lido di Volano,6.0,,ESE
2026-08-21,16:30,Lido di Volano,6.2,,SSE
2026-08-21,16:45,Lido di Volano,5.1,,SE
2026-08-21,16:59,Lido di Volano,5.6,,SE
2026-08-21,17:01,Lido di Volano,5.6,,SE
2026-08-21,17:15,Lido di Volano,5.2,,SSE
2026-08-21,17:29,Lido di Volano,5.2,,SSE
2026-08-21,17:30,Lido di Volano,5.2,,SSE
2026-08-21,17:45,Lido di Volano,5.1,,SE
2026-08-21,17:58,Lido di Volano,2.9,,SSE
2026-08-21,18:01,Lido di Volano,2.9,,SSE
2026-08-21,18:15,Lido di Volano,1.6,,SE
2026-08-21,18:27,Lido di Volano,0.0,,SE
2026-08-21,18:30,Lido di Volano,0.0,,SE
2026-08-21,18:45,Lido di Volano,0.0,,SE
2026-08-22,09:01,Porto Corsini,4.3,12.2,WSW
2026-08-22,09:05,Porto Corsini,3.5,12.2,W
2026-08-22,09:15,Porto Corsini,3.5,,NW
2026-08-22,09:30,Porto Corsini,3.5,12.2,W
2026-08-22,09:41,Porto Corsini,2.6,12.2,NNW
2026-08-22,09:45,Porto Corsini,2.6,12.2,W
2026-08-22,09:59,Porto Corsini,0.9,12.2,NNW
2026-08-22,10:01,Porto Corsini,2.6,12.2,NW
2026-08-22,10:15,Porto Corsini,0.9,12.2,NNE
2026-08-22,10:26,Porto Corsini,3.5,,NNW
2026-08-22,10:30,Porto Corsini,2.6,,NNW
2026-08-22,10:45,Porto Corsini,2.6,7.8,NNW
2026-08-22,10:53,Porto Corsini,4.3,8.7,NW
2026-08-22,11:01,Porto Corsini,7.8,8.7,NW
2026-08-22,11:15,Porto Corsini,9.6,7.8,NNW
2026-08-22,11:30,Porto Corsini,4.3,8.7,NNW
2026-08-22,11:45,Porto Corsini,5.2,10.4,NNW
2026-08-22,11:47,Porto Corsini,4.3,10.4,N
2026-08-22,12:01,Porto Corsini,3.5,10.4,NNE
2026-08-22,12:10,Porto Corsini,3.5,9.6,NE
2026-08-22,12:15,Porto Corsini,3.5,9.6,NE
2026-08-22,12:30,Porto Corsini,10.4,11.3,ENE
2026-08-22,12:36,Porto Corsini,11.3,11.3,ENE
2026-08-22,12:45,Porto Corsini,8.7,10.4,ENE
2026-08-22,12:56,Porto Corsini,5.2,10.4,NE
2026-08-22,13:01,Porto Corsini,8.7,8.7,NE
2026-08-22,13:11,Porto Corsini,7.0,9.6,NNE
2026-08-22,13:15,Porto Corsini,7.8,7.0,NE
2026-08-22,13:30,Porto Corsini,7.8,10.4,NE
2026-08-22,13:32,Porto Corsini,9.6,9.6,ENE
2026-08-22,13:45,Porto Corsini,10.4,12.2,ENE
2026-08-22,13:54,Porto Corsini,10.4,11.3,NE
2026-08-22,14:01,Porto Corsini,9.6,11.3,ENE
2026-08-22,14:13,Porto Corsini,8.7,10.4,ENE
2026-08-22,14:15,Porto Corsini,10.4,11.3,ENE
2026-08-22,14:30,Porto Corsini,9.6,11.3,ENE
2026-08-22,14:45,Porto Corsini,10.4,12.2,NE
2026-08-22,14:59,Porto Corsini,10.4,11.3,ENE
2026-08-22,15:01,Porto Corsini,12.1,13.0,NE
2026-08-22,15:15,Porto Corsini,12.1,13.0,ENE
2026-08-22,15:29,Porto Corsini,13.0,13.9,ENE
2026-08-22,15:30,Porto Corsini,12.1,13.9,ENE
2026-08-22,15:45,Porto Corsini,13.0,13.9,E
2026-08-22,15:51,Porto Corsini,12.1,13.9,E
2026-08-22,16:00,Porto Corsini,13.0,13.0,E
2026-08-22,16:09,Porto Corsini,12.1,13.0,E
2026-08-22,16:15,Porto Corsini,10.4,12.2,ENE
2026-08-22,16:30,Porto Corsini,8.7,11.3,E
2026-08-22,16:35,Porto Corsini,13.0,13.0,E
2026-08-22,16:45,Porto Corsini,13.0,13.9,E
2026-08-22,16:55,Porto Corsini,9.6,13.9,E
2026-08-22,17:01,Porto Corsini,12.1,12.2,E
2026-08-22,17:09,Porto Corsini,11.3,12.2,E
2026-08-22,17:15,Porto Corsini,8.7,11.3,E
2026-08-22,17:30,Porto Corsini,9.6,9.6,ESE
2026-08-22,17:32,Porto Corsini,11.3,9.6,ESE
2026-08-22,17:45,Porto Corsini,12.1,11.3,ESE
2026-08-22,17:54,Porto Corsini,7.8,9.6,ESE
2026-08-22,18:01,Porto Corsini,10.4,9.6,ESE
2026-08-22,18:08,Porto Corsini,8.7,8.7,ESE
2026-08-22,18:15,Porto Corsini,9.6,9.6,ESE
2026-08-22,18:30,Porto Corsini,7.0,8.7,ESE
2026-08-22,18:37,Porto Corsini,8.7,8.7,ESE
2026-08-22,18:45,Porto Corsini,9.6,8.7,SE
2026-08-22,18:57,Porto Corsini,9.6,8.7,SE
2026-08-22,09:01,Baia di Maui,0.0,,N
2026-08-22,09:05,Baia di Maui,0.0,,N
2026-08-22,09:15,Baia di Maui,0.9,,NNW
2026-08-22,09:30,Baia di Maui,6.1,,NNW
2026-08-22,09:41,Baia di Maui,0.0,,NW
2026-08-22,09:45,Baia di Maui,0.0,,WNW
2026-08-22,09:59,Baia di Maui,0.0,,W
2026-08-22,10:01,Baia di Maui,0.0,,N
2026-08-22,10:15,Baia di Maui,0.0,,WNW
2026-08-22,10:26,Baia di Maui,4.3,,NW
2026-08-22,10:30,Baia di Maui,1.7,,WNW
2026-08-22,10:45,Baia di Maui,0.0,,WSW
2026-08-22,10:53,Baia di Maui,0.0,,SW
2026-08-22,11:01,Baia di Maui,0.0,,SW
2026-08-22,11:15,Baia di Maui,7.8,,N
2026-08-22,11:30,Baia di Maui,0.0,,WNW
2026-08-22,11:45,Baia di Maui,3.5,,SW
2026-08-22,11:47,Baia di Maui,2.6,,NNW
2026-08-22,12:01,Baia di Maui,0.0,,WSW
2026-08-22,12:10,Baia di Maui,4.3,,N
2026-08-22,12:15,Baia di Maui,6.1,,N
2026-08-22,12:30,Baia di Maui,3.5,,NE
2026-08-22,12:36,Baia di Maui,3.5,,NE
2026-08-22,12:45,Baia di Maui,3.5,,NE
2026-08-22,12:56,Baia di Maui,3.5,,NE
2026-08-22,13:01,Baia di Maui,3.5,,NE
2026-08-22,09:01,Lido di Volano,2.5,,NNE
2026-08-22,09:05,Lido di Volano,1.6,,N
2026-08-22,09:15,Lido di Volano,3.5,,N
2026-08-22,09:30,Lido di Volano,1.9,,NNE
2026-08-22,09:41,Lido di Volano,2.7,,NNE
2026-08-22,09:45,Lido di Volano,2.7,,NNE
2026-08-22,09:59,Lido di Volano,3.1,,N
2026-08-22,10:01,Lido di Volano,3.1,,N
2026-08-22,10:15,Lido di Volano,1.2,,NW
2026-08-22,10:26,Lido di Volano,0.6,,W
2026-08-22,10:30,Lido di Volano,0.6,,W
2026-08-22,10:45,Lido di Volano,2.5,,W
2026-08-22,10:53,Lido di Volano,1.9,,WNW
2026-08-22,11:01,Lido di Volano,1.8,,SSW
2026-08-22,11:15,Lido di Volano,2.7,,W
2026-08-22,11:30,Lido di Volano,3.3,,WSW
2026-08-22,11:45,Lido di Volano,3.5,,NW
2026-08-22,11:47,Lido di Volano,4.5,,W
2026-08-22,12:01,Lido di Volano,3.7,,WNW
2026-08-22,12:10,Lido di Volano,1.9,,N
2026-08-22,12:15,Lido di Volano,2.5,,NNW
2026-08-22,12:30,Lido di Volano,1.0,,N
2026-08-22,12:36,Lido di Volano,0.6,,S
2026-08-22,12:45,Lido di Volano,4.3,,W
2026-08-22,12:56,Lido di Volano,1.9,,N
2026-08-22,13:01,Lido di Volano,1.9,,N
2026-08-22,13:11,Lido di Volano,1.9,,NNE
2026-08-22,13:15,Lido di Volano,2.7,,N
2026-08-22,13:30,Lido di Volano,2.7,,NW
2026-08-22,13:32,Lido di Volano,2.7,,NE
2026-08-22,13:45,Lido di Volano,2.1,,SSW
2026-08-22,13:54,Lido di Volano,2.3,,SSE
2026-08-22,14:01,Lido di Volano,2.7,,E
2026-08-22,14:13,Lido di Volano,9.5,,ENE
2026-08-22,14:15,Lido di Volano,9.5,,ENE
2026-08-22,14:30,Lido di Volano,9.1,,ENE
2026-08-22,14:45,Lido di Volano,11.3,,E
2026-08-22,14:59,Lido di Volano,9.7,,ENE
2026-08-22,15:01,Lido di Volano,9.7,,ENE
2026-08-22,15:15,Lido di Volano,8.6,,ENE
2026-08-22,15:29,Lido di Volano,7.6,,ENE
2026-08-22,15:30,Lido di Volano,7.6,,ENE
2026-08-22,15:45,Lido di Volano,8.2,,ENE
2026-08-22,15:51,Lido di Volano,7.8,,ENE
2026-08-22,16:00,Lido di Volano,7.8,,ENE
2026-08-22,16:09,Lido di Volano,10.5,,ENE
2026-08-22,16:15,Lido di Volano,8.9,,ENE
2026-08-22,16:30,Lido di Volano,8.6,,ENE
2026-08-22,16:35,Lido di Volano,8.4,,NE
2026-08-22,16:45,Lido di Volano,7.8,,NE
2026-08-22,16:55,Lido di Volano,7.8,,ENE
2026-08-22,17:01,Lido di Volano,7.8,,NE
2026-08-22,17:09,Lido di Volano,8.0,,NE
2026-08-22,17:15,Lido di Volano,7.6,,NE
2026-08-22,17:30,Lido di Volano,6.2,,ENE
2026-08-22,17:32,Lido di Volano,6.2,,ENE
2026-08-22,17:45,Lido di Volano,6.6,,NE
2026-08-22,17:54,Lido di Volano,7.6,,NE
2026-08-22,18:01,Lido di Volano,7.0,,ENE
2026-08-22,18:08,Lido di Volano,8.2,,ENE
2026-08-22,18:15,Lido di Volano,5.2,,ENE
2026-08-22,18:30,Lido di Volano,7.2,,E
2026-08-22,18:37,Lido di Volano,7.0,,E
2026-08-22,18:45,Lido di Volano,5.4,,ESE
2026-08-22,18:57,Lido di Volano,6.2,,ESE
2026-08-23,09:01,Porto Corsini,7.0,7.8,W
2026-08-23,09:15,Porto Corsini,3.5,7.8,WNW
2026-08-23,09:19,Porto Corsini,4.3,7.0,WNW
2026-08-23,09:30,Porto Corsini,5.2,7.8,W
2026-08-23,09:45,Porto Corsini,6.1,7.0,WNW
2026-08-23,09:53,Porto Corsini,5.2,7.0,WNW
2026-08-23,10:01,Porto Corsini,2.6,7.0,W
2026-08-23,10:15,Porto Corsini,2.6,,ESE
2026-08-23,10:15,Porto Corsini,4.3,,S
2026-08-23,10:30,Porto Corsini,0.9,,E
2026-08-23,10:45,Porto Corsini,0.9,,S
2026-08-23,10:48,Porto Corsini,0.9,2.6,SE
2026-08-23,11:01,Porto Corsini,3.5,4.3,E
2026-08-23,11:15,Porto Corsini,3.5,3.5,E
2026-08-23,11:15,Porto Corsini,2.6,3.5,ESE
2026-08-23,11:30,Porto Corsini,5.2,5.2,ESE
2026-08-23,11:42,Porto Corsini,3.5,5.2,SE
2026-08-23,11:45,Porto Corsini,3.5,5.2,SE
2026-08-23,11:58,Porto Corsini,4.3,6.1,SE
2026-08-23,12:01,Porto Corsini,4.3,6.1,SE
2026-08-23,12:15,Porto Corsini,5.2,6.1,SE
2026-08-23,12:19,Porto Corsini,5.2,6.1,SE
2026-08-23,12:30,Porto Corsini,7.0,6.1,SE
2026-08-23,12:45,Porto Corsini,4.3,7.0,SE
2026-08-23,12:46,Porto Corsini,6.1,7.0,SE
2026-08-23,13:01,Porto Corsini,5.2,7.8,ESE
2026-08-23,13:09,Porto Corsini,6.1,7.0,ESE
2026-08-23,13:15,Porto Corsini,6.1,7.8,ESE
2026-08-23,13:30,Porto Corsini,7.0,7.8,E
2026-08-23,13:32,Porto Corsini,7.0,7.8,ESE
2026-08-23,13:45,Porto Corsini,7.0,7.8,ESE
2026-08-23,13:54,Porto Corsini,5.2,8.7,ESE
2026-08-23,14:01,Porto Corsini,8.7,8.7,E
2026-08-23,14:13,Porto Corsini,7.0,10.4,E
2026-08-23,14:15,Porto Corsini,7.8,10.4,ESE
2026-08-23,14:30,Porto Corsini,11.3,11.3,ESE
2026-08-23,14:45,Porto Corsini,10.4,9.6,ESE
2026-08-23,15:01,Porto Corsini,11.3,9.6,ESE
2026-08-23,15:15,Porto Corsini,9.6,10.4,ESE
2026-08-23,15:30,Porto Corsini,8.7,9.6,ESE
2026-08-23,15:42,Porto Corsini,7.8,9.6,ESE
2026-08-23,15:45,Porto Corsini,7.8,8.7,ESE
2026-08-23,15:58,Porto Corsini,9.6,10.4,E
2026-08-23,16:01,Porto Corsini,7.8,10.4,E
2026-08-23,16:15,Porto Corsini,8.7,8.7,E
2026-08-23,16:18,Porto Corsini,8.7,8.7,E
2026-08-23,16:30,Porto Corsini,7.8,10.4,E
2026-08-23,16:45,Porto Corsini,7.8,10.4,E
2026-08-23,17:01,Porto Corsini,8.7,8.7,ESE
2026-08-23,17:09,Porto Corsini,9.6,9.6,E
2026-08-23,17:15,Porto Corsini,9.6,9.6,E
2026-08-23,17:30,Porto Corsini,7.0,9.6,E
2026-08-23,17:33,Porto Corsini,7.0,9.6,E
2026-08-23,17:45,Porto Corsini,8.7,8.7,E
2026-08-23,17:54,Porto Corsini,7.8,8.7,ENE
2026-08-23,18:01,Porto Corsini,6.1,8.7,ESE
2026-08-23,18:10,Porto Corsini,3.5,7.0,ESE
2026-08-23,18:15,Porto Corsini,7.0,8.7,E
2026-08-23,18:30,Porto Corsini,2.6,7.0,ENE
2026-08-23,18:39,Porto Corsini,7.8,7.8,ENE
2026-08-23,18:45,Porto Corsini,5.2,6.1,E
2026-08-23,18:57,Porto Corsini,7.0,7.0,ESE
2026-08-23,09:01,Baia di Maui,0.0,,S
2026-08-23,09:15,Baia di Maui,2.6,,SSW
2026-08-23,09:19,Baia di Maui,0.0,,S
2026-08-23,09:30,Baia di Maui,3.5,,S
2026-08-23,09:45,Baia di Maui,2.6,,SSW
2026-08-23,09:53,Baia di Maui,0.0,,SW
2026-08-23,10:01,Baia di Maui,3.5,,SSE
2026-08-23,10:15,Baia di Maui,2.6,,WSW
2026-08-23,10:15,Baia di Maui,2.6,,WSW
2026-08-23,10:30,Baia di Maui,3.5,,ESE
2026-08-23,10:45,Baia di Maui,4.3,,E
2026-08-23,10:48,Baia di Maui,3.5,,E
2026-08-23,11:01,Baia di Maui,4.3,,SE
2026-08-23,11:15,Baia di Maui,0.0,,ESE
2026-08-23,11:15,Baia di Maui,0.0,,ESE
2026-08-23,11:30,Baia di Maui,3.5,,ESE
2026-08-23,11:42,Baia di Maui,4.3,,E
2026-08-23,11:45,Baia di Maui,4.3,,E
2026-08-23,11:58,Baia di Maui,4.3,,E
2026-08-23,12:01,Baia di Maui,4.3,,E
2026-08-23,12:15,Baia di Maui,4.3,,E
2026-08-23,12:30,Baia di Maui,4.3,,E
2026-08-23,12:45,Baia di Maui,4.3,,E
2026-08-23,12:46,Baia di Maui,4.3,,E
2026-08-23,13:01,Baia di Maui,4.3,,E
2026-08-23,16:45,Baia di Maui,6.1,,NNE
2026-08-23,17:01,Baia di Maui,6.1,,NNE
2026-08-23,17:09,Baia di Maui,6.1,,NNE
2026-08-23,17:15,Baia di Maui,6.1,,NNE
2026-08-23,17:30,Baia di Maui,4.3,,NE
2026-08-23,17:33,Baia di Maui,4.3,,NE
2026-08-23,17:45,Baia di Maui,4.3,,NE
2026-08-23,17:54,Baia di Maui,3.5,,NE
2026-08-23,18:01,Baia di Maui,3.5,,NE
2026-08-23,18:10,Baia di Maui,3.5,,NE
2026-08-23,18:15,Baia di Maui,3.5,,NE
2026-08-23,18:30,Baia di Maui,3.5,,NE
2026-08-23,18:39,Baia di Maui,3.5,,NE
2026-08-23,18:45,Baia di Maui,2.6,,ENE
2026-08-23,18:57,Baia di Maui,2.6,,ENE
2026-08-23,09:01,Lido di Volano,0.0,,?
2026-08-23,09:15,Lido di Volano,0.0,,E
2026-08-23,09:19,Lido di Volano,0.2,,ESE
2026-08-23,09:30,Lido di Volano,0.0,,ESE
2026-08-23,09:45,Lido di Volano,1.0,,E
2026-08-23,09:53,Lido di Volano,2.5,,E
2026-08-23,10:01,Lido di Volano,2.7,,ESE
2026-08-23,10:15,Lido di Volano,3.7,,ESE
2026-08-23,10:15,Lido di Volano,3.7,,ESE
2026-08-23,10:30,Lido di Volano,4.3,,E
2026-08-23,10:45,Lido di Volano,9.5,,NE
2026-08-23,10:48,Lido di Volano,7.2,,NNE
2026-08-23,11:01,Lido di Volano,5.2,,N
2026-08-23,11:15,Lido di Volano,6.4,,N
2026-08-23,11:15,Lido di Volano,6.4,,N
2026-08-23,11:30,Lido di Volano,9.7,,NE
2026-08-23,11:42,Lido di Volano,10.1,,N
2026-08-23,11:45,Lido di Volano,10.1,,N
2026-08-23,11:58,Lido di Volano,9.7,,NE
2026-08-23,12:01,Lido di Volano,9.7,,NE
2026-08-23,12:15,Lido di Volano,6.4,,NNE
2026-08-23,12:19,Lido di Volano,7.0,,NNE
2026-08-23,12:30,Lido di Volano,6.8,,NE
2026-08-23,12:45,Lido di Volano,8.2,,NE
2026-08-23,12:46,Lido di Volano,8.2,,NE
2026-08-23,13:01,Lido di Volano,7.8,,NNE
2026-08-23,13:09,Lido di Volano,7.8,,NE
2026-08-23,13:15,Lido di Volano,9.1,,NE
2026-08-23,13:30,Lido di Volano,7.4,,NE
2026-08-23,13:32,Lido di Volano,7.4,,NE
2026-08-23,13:45,Lido di Volano,6.0,,NE
2026-08-23,13:54,Lido di Volano,6.6,,NE
2026-08-23,14:01,Lido di Volano,6.8,,NE
2026-08-23,14:13,Lido di Volano,5.8,,NE
2026-08-23,14:15,Lido di Volano,5.8,,NE
2026-08-23,14:30,Lido di Volano,6.0,,NE
2026-08-23,14:45,Lido di Volano,6.2,,ENE
2026-08-23,15:01,Lido di Volano,5.8,,E
2026-08-23,15:15,Lido di Volano,5.2,,NE
2026-08-23,15:30,Lido di Volano,3.5,,E
2026-08-23,15:42,Lido di Volano,6.2,,ESE
2026-08-23,15:45,Lido di Volano,4.9,,ESE
2026-08-23,15:58,Lido di Volano,5.8,,ESE
2026-08-23,16:01,Lido di Volano,5.2,,ESE
2026-08-23,16:15,Lido di Volano,4.5,,ESE
2026-08-23,16:18,Lido di Volano,4.5,,ESE
2026-08-23,16:30,Lido di Volano,4.3,,ESE
2026-08-23,16:45,Lido di Volano,4.9,,E
2026-08-23,17:01,Lido di Volano,4.1,,ENE
2026-08-23,17:09,Lido di Volano,4.5,,E
2026-08-23,17:15,Lido di Volano,3.1,,E
2026-08-23,17:30,Lido di Volano,3.5,,E
2026-08-23,17:33,Lido di Volano,3.5,,E
2026-08-23,17:45,Lido di Volano,3.3,,E
2026-08-23,17:54,Lido di Volano,3.1,,ENE
2026-08-23,18:01,Lido di Volano,2.7,,ENE
2026-08-23,18:10,Lido di Volano,3.3,,ENE
2026-08-23,18:15,Lido di Volano,3.7,,ENE
2026-08-23,18:30,Lido di Volano,2.7,,ENE
2026-08-23,18:39,Lido di Volano,3.7,,ENE
2026-08-23,18:45,Lido di Volano,2.3,,ENE
2026-08-23,18:57,Lido di Volano,3.9,,ENE
2026-08-24,09:01,Porto Corsini,4.3,9.6,WNW
2026-08-24,09:15,Porto Corsini,7.8,9.6,WNW
2026-08-24,09:16,Porto Corsini,3.5,9.6,WNW
2026-08-24,09:30,Porto Corsini,7.0,8.7,NW
2026-08-24,09:45,Porto Corsini,4.3,8.7,NW
2026-08-24,10:01,Porto Corsini,3.5,7.8,NW
2026-08-24,10:09,Porto Corsini,4.3,8.7,NW
2026-08-24,10:15,Porto Corsini,2.6,7.8,WNW
2026-08-24,10:30,Porto Corsini,3.5,7.8,NNW
2026-08-24,10:45,Porto Corsini,3.5,7.0,NNW
2026-08-24,11:01,Porto Corsini,2.6,7.0,NNW
2026-08-24,11:15,Porto Corsini,2.6,5.2,NE
2026-08-24,11:31,Porto Corsini,7.0,7.8,ENE
2026-08-24,11:45,Porto Corsini,7.0,7.8,ENE
2026-08-24,11:59,Porto Corsini,7.8,7.8,ENE
2026-08-24,12:01,Porto Corsini,8.7,8.7,ENE
2026-08-24,12:15,Porto Corsini,7.0,8.7,ENE
2026-08-24,12:30,Porto Corsini,6.1,7.8,ENE
2026-08-24,12:36,Porto Corsini,7.0,7.8,ENE
2026-08-24,12:45,Porto Corsini,8.7,8.7,E
2026-08-24,13:01,Porto Corsini,7.0,8.7,ENE
2026-08-24,13:05,Porto Corsini,7.0,8.7,E
2026-08-24,13:15,Porto Corsini,7.0,7.8,ENE
2026-08-24,13:30,Porto Corsini,7.0,8.7,E
2026-08-24,13:40,Porto Corsini,7.8,9.6,E
2026-08-24,13:45,Porto Corsini,8.7,9.6,E
2026-08-24,13:59,Porto Corsini,8.7,9.6,E
2026-08-24,14:01,Porto Corsini,8.7,9.6,E
2026-08-24,14:15,Porto Corsini,7.0,9.6,ENE
2026-08-24,14:30,Porto Corsini,7.0,8.7,E
2026-08-24,14:46,Porto Corsini,8.7,9.6,E
2026-08-24,15:01,Porto Corsini,7.0,8.7,E
2026-08-24,15:15,Porto Corsini,7.0,8.7,E
2026-08-24,15:30,Porto Corsini,8.7,8.7,E
2026-08-24,15:40,Porto Corsini,7.8,8.7,E
2026-08-24,15:45,Porto Corsini,9.6,9.6,E
2026-08-24,16:01,Porto Corsini,7.8,9.6,E
2026-08-24,16:15,Porto Corsini,9.6,10.4,ESE
2026-08-24,16:22,Porto Corsini,8.7,10.4,E
2026-08-24,16:30,Porto Corsini,9.6,9.6,ESE
2026-08-24,16:45,Porto Corsini,8.7,9.6,E
2026-08-24,17:01,Porto Corsini,10.4,9.6,ESE
2026-08-24,17:06,Porto Corsini,10.4,8.7,ESE
2026-08-24,17:15,Porto Corsini,9.6,9.6,ESE
2026-08-24,17:30,Porto Corsini,8.7,9.6,ESE
2026-08-24,17:45,Porto Corsini,8.7,8.7,ESE
2026-08-24,17:51,Porto Corsini,9.6,7.8,ESE
2026-08-24,18:01,Porto Corsini,7.8,8.7,ESE
2026-08-24,18:15,Porto Corsini,10.4,8.7,ESE
2026-08-24,18:21,Porto Corsini,7.8,8.7,ESE
2026-08-24,18:30,Porto Corsini,6.1,7.8,ESE
2026-08-24,18:45,Porto Corsini,8.7,7.8,SE
2026-08-24,09:01,Baia di Maui,3.5,,WSW
2026-08-24,09:15,Baia di Maui,0.0,,WNW
2026-08-24,09:16,Baia di Maui,0.0,,WSW
2026-08-24,09:30,Baia di Maui,0.9,,SW
2026-08-24,09:45,Baia di Maui,3.5,,SW
2026-08-24,10:01,Baia di Maui,1.7,,WSW
2026-08-24,10:09,Baia di Maui,0.0,,WNW
2026-08-24,10:15,Baia di Maui,0.0,,W
2026-08-24,10:30,Baia di Maui,1.7,,W
2026-08-24,10:45,Baia di Maui,1.7,,NE
2026-08-24,11:01,Baia di Maui,4.3,,NE
2026-08-24,11:15,Baia di Maui,5.2,,NE
2026-08-24,11:31,Baia di Maui,5.2,,NE
2026-08-24,11:45,Baia di Maui,5.2,,NE
2026-08-24,11:59,Baia di Maui,3.5,,NE
2026-08-24,12:01,Baia di Maui,5.2,,NE
2026-08-24,12:15,Baia di Maui,3.5,,NE
2026-08-24,12:30,Baia di Maui,5.2,,NE
2026-08-24,12:36,Baia di Maui,4.3,,NE
2026-08-24,12:45,Baia di Maui,6.1,,NNE
2026-08-24,13:01,Baia di Maui,2.6,,NE
2026-08-24,13:05,Baia di Maui,6.1,,NE
2026-08-24,13:15,Baia di Maui,4.3,,NE
2026-08-24,13:30,Baia di Maui,4.3,,NE
2026-08-24,13:40,Baia di Maui,6.1,,ENE
2026-08-24,13:45,Baia di Maui,5.2,,NE
2026-08-24,13:59,Baia di Maui,7.0,,ENE
2026-08-24,14:01,Baia di Maui,4.3,,NE
2026-08-24,14:15,Baia di Maui,6.1,,ENE
2026-08-24,14:30,Baia di Maui,6.1,,E
2026-08-24,14:46,Baia di Maui,4.3,,ENE
2026-08-24,15:01,Baia di Maui,4.3,,ENE
2026-08-24,15:15,Baia di Maui,7.0,,ENE
2026-08-24,15:30,Baia di Maui,5.2,,ENE
2026-08-24,15:40,Baia di Maui,7.0,,ENE
2026-08-24,15:45,Baia di Maui,6.1,,ENE
2026-08-24,16:01,Baia di Maui,7.0,,ENE
2026-08-24,16:15,Baia di Maui,3.5,,ENE
2026-08-24,16:30,Baia di Maui,6.1,,E
2026-08-24,16:45,Baia di Maui,5.2,,ENE
2026-08-24,17:01,Baia di Maui,6.1,,E
2026-08-24,17:06,Baia di Maui,6.1,,ENE
2026-08-24,17:15,Baia di Maui,7.0,,ENE
2026-08-24,17:30,Baia di Maui,7.0,,ENE
2026-08-24,17:45,Baia di Maui,4.3,,NE
2026-08-24,17:51,Baia di Maui,7.0,,ENE
2026-08-24,18:01,Baia di Maui,7.8,,ENE
2026-08-24,18:15,Baia di Maui,6.1,,ENE
2026-08-24,18:21,Baia di Maui,5.2,,ENE
2026-08-24,18:30,Baia di Maui,5.2,,ENE
2026-08-24,18:45,Baia di Maui,3.5,,ENE
2026-08-24,09:01,Lido di Volano,0.2,,NW
2026-08-24,09:15,Lido di Volano,0.8,,NNW
2026-08-24,09:16,Lido di Volano,1.9,,NNW
2026-08-25,09:01,Porto Corsini,1.7,4.3,SE
2026-08-25,09:05,Porto Corsini,1.7,3.5,SE
2026-08-25,09:15,Porto Corsini,0.0,,SE
2026-08-25,09:31,Porto Corsini,0.0,2.6,SE
2026-08-25,09:45,Porto Corsini,3.5,7.0,SE
2026-08-25,09:54,Porto Corsini,5.2,6.1,SSE
2026-08-25,10:01,Porto Corsini,4.3,,SSE
2026-08-25,10:15,Porto Corsini,1.7,6.1,ESE
2026-08-25,10:26,Porto Corsini,0.9,5.2,ESE
2026-08-25,10:31,Porto Corsini,1.7,5.2,ENE
2026-08-25,10:45,Porto Corsini,3.5,4.3,NW
2026-08-25,11:01,Porto Corsini,4.3,5.2,NE
2026-08-25,11:05,Porto Corsini,2.6,5.2,NE
2026-08-25,11:15,Porto Corsini,3.5,5.2,NE
2026-08-25,11:30,Porto Corsini,7.0,5.2,ENE
2026-08-25,11:45,Porto Corsini,5.2,7.0,E
2026-08-25,11:48,Porto Corsini,6.1,7.0,ESE
2026-08-25,12:01,Porto Corsini,3.5,6.1,ESE
2026-08-25,12:15,Porto Corsini,4.3,6.1,E
2026-08-25,12:18,Porto Corsini,6.1,5.2,E
2026-08-25,12:30,Porto Corsini,7.0,7.0,E
2026-08-25,12:45,Porto Corsini,5.2,6.1,ESE
2026-08-25,12:56,Porto Corsini,6.1,7.0,E
2026-08-25,13:01,Porto Corsini,3.5,5.2,ESE
2026-08-25,13:15,Porto Corsini,6.1,7.0,ESE
2026-08-25,13:17,Porto Corsini,7.0,7.0,ESE
2026-08-25,13:30,Porto Corsini,7.8,7.8,SE
2026-08-25,13:45,Porto Corsini,7.0,7.8,SE
2026-08-25,13:50,Porto Corsini,7.0,7.8,ESE
2026-08-25,14:01,Porto Corsini,7.0,8.7,SE
2026-08-25,14:15,Porto Corsini,8.7,8.7,SE
2026-08-25,14:21,Porto Corsini,7.8,10.4,SSE
2026-08-25,14:30,Porto Corsini,4.3,7.8,SSE
2026-08-25,14:45,Porto Corsini,5.2,7.0,SSE
2026-08-25,15:01,Porto Corsini,7.0,7.8,SE
2026-08-25,15:15,Porto Corsini,7.8,6.1,SE
2026-08-25,15:24,Porto Corsini,8.7,7.0,ESE
2026-08-25,15:30,Porto Corsini,4.3,7.0,ESE
2026-08-25,15:45,Porto Corsini,7.0,7.0,SE
2026-08-25,16:01,Porto Corsini,4.3,6.1,ESE
2026-08-25,16:10,Porto Corsini,6.1,7.0,ESE
2026-08-25,16:15,Porto Corsini,2.6,7.0,E
2026-08-25,16:31,Porto Corsini,4.3,5.2,E
2026-08-25,16:45,Porto Corsini,4.3,7.0,E
2026-08-25,17:00,Porto Corsini,3.5,6.1,E
2026-08-25,17:01,Porto Corsini,5.2,7.0,E
2026-08-25,17:15,Porto Corsini,4.3,4.3,ENE
2026-08-25,17:30,Porto Corsini,2.6,3.5,E
2026-08-25,17:41,Porto Corsini,3.5,3.5,ESE
2026-08-25,17:45,Porto Corsini,2.6,3.5,ESE
2026-08-25,18:01,Porto Corsini,6.1,5.2,E
2026-08-25,18:15,Porto Corsini,7.0,7.0,E
2026-08-25,18:17,Porto Corsini,7.0,6.1,E
2026-08-25,18:30,Porto Corsini,3.5,7.0,ESE
2026-08-25,18:45,Porto Corsini,3.5,3.5,E
2026-08-25,09:01,Baia di Maui,1.7,,SSE
2026-08-25,09:05,Baia di Maui,1.7,,SSE
2026-08-25,09:15,Baia di Maui,0.0,,SSE
2026-08-25,09:31,Baia di Maui,1.7,,SSE
2026-08-25,09:45,Baia di Maui,3.5,,SSE
2026-08-25,09:54,Baia di Maui,4.3,,SSE
2026-08-25,10:01,Baia di Maui,2.6,,SE
2026-08-25,10:15,Baia di Maui,0.0,,SSE
2026-08-25,10:26,Baia di Maui,2.6,,NW
2026-08-25,10:31,Baia di Maui,1.7,,NW
2026-08-25,10:45,Baia di Maui,0.9,,WSW
2026-08-25,11:01,Baia di Maui,4.3,,NE
2026-08-25,11:05,Baia di Maui,6.1,,NE
2026-08-25,11:15,Baia di Maui,2.6,,ENE
2026-08-25,11:30,Baia di Maui,1.7,,ENE
2026-08-25,11:45,Baia di Maui,3.5,,ENE
2026-08-25,11:48,Baia di Maui,1.7,,ENE
2026-08-25,12:01,Baia di Maui,1.7,,SE
2026-08-25,12:15,Baia di Maui,3.5,,SE
2026-08-25,12:18,Baia di Maui,1.7,,S
2026-08-25,12:30,Baia di Maui,3.5,,WSW
2026-08-25,12:45,Baia di Maui,1.7,,SE
2026-08-25,12:56,Baia di Maui,4.3,,WSW
2026-08-25,13:01,Baia di Maui,3.5,,S
2026-08-25,13:15,Baia di Maui,0.9,,SSE
2026-08-25,13:17,Baia di Maui,2.6,,SSE
2026-08-25,13:30,Baia di Maui,3.5,,SSE
2026-08-25,13:45,Baia di Maui,5.2,,S
2026-08-25,13:50,Baia di Maui,3.5,,SSE
2026-08-25,14:01,Baia di Maui,4.3,,E
2026-08-25,14:15,Baia di Maui,7.8,,ESE
2026-08-25,14:21,Baia di Maui,6.1,,SE
2026-08-25,14:30,Baia di Maui,9.6,,ESE
2026-08-25,14:45,Baia di Maui,4.3,,ESE
2026-08-25,15:01,Baia di Maui,6.1,,SSE
2026-08-25,15:15,Baia di Maui,4.3,,WSW
2026-08-25,15:24,Baia di Maui,1.7,,S
2026-08-25,15:30,Baia di Maui,0.9,,W
2026-08-25,15:45,Baia di Maui,3.5,,SSW
2026-08-25,16:01,Baia di Maui,2.6,,SSE
2026-08-25,16:10,Baia di Maui,4.3,,ESE
2026-08-25,16:15,Baia di Maui,5.2,,ESE
2026-08-25,16:31,Baia di Maui,7.0,,ESE
2026-08-25,16:45,Baia di Maui,5.2,,E
2026-08-25,17:00,Baia di Maui,6.1,,ESE
2026-08-25,17:01,Baia di Maui,4.3,,ESE
2026-08-25,17:15,Baia di Maui,3.5,,SE
2026-08-25,17:30,Baia di Maui,1.7,,ESE
2026-08-25,17:41,Baia di Maui,2.6,,ENE
2026-08-25,17:45,Baia di Maui,2.6,,NE
2026-08-25,18:01,Baia di Maui,1.7,,ENE
2026-08-25,18:15,Baia di Maui,0.9,,ENE
2026-08-25,18:17,Baia di Maui,0.0,,ENE
2026-08-25,18:30,Baia di Maui,2.6,,NW
2026-08-25,18:45,Baia di Maui,7.8,,NNE
2026-08-25,10:31,Lido di Volano,2.7,,S
2026-08-25,10:45,Lido di Volano,3.7,,SSE
2026-08-25,11:01,Lido di Volano,5.4,,SE
2026-08-25,11:05,Lido di Volano,3.7,,SE
2026-08-25,11:15,Lido di Volano,5.4,,SSE
2026-08-25,11:30,Lido di Volano,1.7,,S
2026-08-25,11:45,Lido di Volano,4.7,,SSE
2026-08-25,11:48,Lido di Volano,4.7,,SSE
2026-08-25,12:01,Lido di Volano,6.4,,SE
2026-08-25,12:15,Lido di Volano,6.4,,SSE
2026-08-25,12:18,Lido di Volano,5.4,,SE
2026-08-25,12:30,Lido di Volano,5.4,,SE
2026-08-25,12:45,Lido di Volano,9.1,,SE
2026-08-25,12:56,Lido di Volano,6.4,,ESE
2026-08-25,13:01,Lido di Volano,8.4,,ESE
2026-08-25,13:15,Lido di Volano,10.1,,SSE
2026-08-25,13:17,Lido di Volano,8.4,,SSE
2026-08-25,13:30,Lido di Volano,7.4,,SSE
2026-08-25,13:45,Lido di Volano,10.1,,SE
2026-08-25,13:50,Lido di Volano,9.1,,SSE
2026-08-25,14:01,Lido di Volano,9.1,,SE
2026-08-25,14:15,Lido di Volano,7.4,,SSE
2026-08-25,14:21,Lido di Volano,9.1,,SE
2026-08-25,14:30,Lido di Volano,10.1,,SE
2026-08-25,14:45,Lido di Volano,11.1,,SSE
2026-08-25,15:01,Lido di Volano,9.1,,SSE
2026-08-25,15:15,Lido di Volano,8.4,,SSE
2026-08-25,15:24,Lido di Volano,8.4,,SSE
2026-08-25,15:30,Lido di Volano,4.7,,SSE
2026-08-25,15:45,Lido di Volano,6.4,,SE
2026-08-25,16:01,Lido di Volano,7.4,,SE
2026-08-25,16:10,Lido di Volano,7.4,,ESE
2026-08-25,16:15,Lido di Volano,4.7,,ESE
2026-08-25,16:31,Lido di Volano,4.7,,SE
2026-08-25,16:45,Lido di Volano,2.7,,ESE
2026-08-25,17:00,Lido di Volano,3.7,,ESE
2026-08-25,17:01,Lido di Volano,5.4,,ESE
2026-08-25,17:15,Lido di Volano,5.4,,ESE
2026-08-25,17:30,Lido di Volano,3.7,,SSE
2026-08-25,17:41,Lido di Volano,1.7,,SE
2026-08-25,17:45,Lido di Volano,2.7,,SE
2026-08-25,18:01,Lido di Volano,7.4,,NNE
2026-08-25,18:15,Lido di Volano,10.1,,NNE
2026-08-25,18:17,Lido di Volano,7.4,,NNE
2026-08-25,18:30,Lido di Volano,9.1,,NE
2026-08-25,18:45,Lido di Volano,8.4,,NE
2026-08-26,09:01,Porto Corsini,1.7,7.0,NW
2026-08-26,09:15,Porto Corsini,2.6,3.5,NW
2026-08-26,09:22,Porto Corsini,2.6,3.5,WNW
2026-08-26,09:30,Porto Corsini,0.9,,NNE
2026-08-26,09:45,Porto Corsini,2.6,3.5,NE
2026-08-26,10:01,Porto Corsini,3.5,4.3,ENE
2026-08-26,10:04,Porto Corsini,4.3,5.2,ENE
2026-08-26,10:15,Porto Corsini,3.5,4.3,ENE
2026-08-26,10:30,Porto Corsini,5.2,5.2,NE
2026-08-26,10:45,Porto Corsini,5.2,6.1,ENE
2026-08-26,10:58,Porto Corsini,7.0,6.1,ENE
2026-08-26,11:01,Porto Corsini,7.8,6.1,ENE
2026-08-26,11:15,Porto Corsini,6.1,7.0,E
2026-08-26,11:30,Porto Corsini,6.1,7.8,ENE
2026-08-26,11:35,Porto Corsini,5.2,7.8,E
2026-08-26,11:45,Porto Corsini,7.8,8.7,ENE
2026-08-26,12:01,Porto Corsini,7.0,8.7,E
2026-08-26,12:15,Porto Corsini,7.0,7.8,E
2026-08-26,12:16,Porto Corsini,7.0,7.8,E
2026-08-26,12:31,Porto Corsini,7.0,7.8,ENE
2026-08-26,12:45,Porto Corsini,7.0,8.7,E
2026-08-26,12:56,Porto Corsini,6.1,8.7,ENE
2026-08-26,13:01,Porto Corsini,7.8,9.6,E
2026-08-26,13:15,Porto Corsini,8.7,8.7,E
2026-08-26,13:20,Porto Corsini,7.8,8.7,E
2026-08-26,13:30,Porto Corsini,7.8,8.7,E
2026-08-26,13:45,Porto Corsini,7.8,9.6,ESE
2026-08-26,13:52,Porto Corsini,7.0,8.7,E
2026-08-26,14:01,Porto Corsini,7.8,8.7,ESE
2026-08-26,14:15,Porto Corsini,7.8,8.7,E
2026-08-26,14:23,Porto Corsini,8.7,8.7,ESE
2026-08-26,14:30,Porto Corsini,9.6,9.6,E
2026-08-26,14:45,Porto Corsini,9.6,10.4,SE
2026-08-26,15:01,Porto Corsini,9.6,10.4,ESE
2026-08-26,15:15,Porto Corsini,10.4,13.0,ESE
2026-08-26,15:30,Porto Corsini,8.7,11.3,E
2026-08-26,15:30,Porto Corsini,10.4,11.3,ESE
2026-08-26,15:45,Porto Corsini,10.4,10.4,ESE
2026-08-26,16:01,Porto Corsini,10.4,9.6,ESE
2026-08-26,16:11,Porto Corsini,9.6,11.3,ESE
2026-08-26,16:15,Porto Corsini,8.7,11.3,ESE
2026-08-26,16:30,Porto Corsini,11.3,11.3,ESE
2026-08-26,16:45,Porto Corsini,8.7,9.6,ESE
2026-08-26,17:00,Porto Corsini,10.4,9.6,ESE
2026-08-26,17:49,Porto Corsini,7.8,8.7,SE
2026-08-26,18:01,Porto Corsini,9.6,9.6,SE
2026-08-26,18:15,Porto Corsini,8.7,8.7,SE
2026-08-26,18:17,Porto Corsini,7.8,8.7,SE
2026-08-26,18:30,Porto Corsini,9.6,8.7,SE
2026-08-26,18:45,Porto Corsini,8.7,7.8,SSE
2026-08-26,09:01,Baia di Maui,1.7,,NNE
2026-08-26,09:15,Baia di Maui,4.3,,N
2026-08-26,09:22,Baia di Maui,3.5,,NNE
2026-08-26,09:30,Baia di Maui,3.5,,NNE
2026-08-26,09:45,Baia di Maui,4.3,,NNE
2026-08-26,10:01,Baia di Maui,3.5,,NNE
2026-08-26,10:04,Baia di Maui,4.3,,N
2026-08-26,10:15,Baia di Maui,3.5,,NE
2026-08-26,10:30,Baia di Maui,4.3,,NNE
2026-08-26,10:45,Baia di Maui,3.5,,NE
2026-08-26,10:58,Baia di Maui,4.3,,NE
2026-08-26,11:01,Baia di Maui,3.5,,NE
2026-08-26,11:15,Baia di Maui,3.5,,NE
2026-08-26,11:30,Baia di Maui,4.3,,NE
2026-08-26,11:35,Baia di Maui,4.3,,NE
2026-08-26,11:45,Baia di Maui,5.2,,ENE
2026-08-26,12:01,Baia di Maui,4.3,,ENE
2026-08-26,12:15,Baia di Maui,5.2,,ENE
2026-08-26,12:16,Baia di Maui,5.2,,ENE
2026-08-26,12:31,Baia di Maui,5.2,,NE
2026-08-26,12:45,Baia di Maui,3.5,,ENE
2026-08-26,12:56,Baia di Maui,4.3,,ENE
2026-08-26,13:01,Baia di Maui,6.1,,E
2026-08-26,13:15,Baia di Maui,5.2,,ENE
2026-08-26,13:20,Baia di Maui,4.3,,ENE
2026-08-26,13:30,Baia di Maui,7.0,,E
2026-08-26,13:45,Baia di Maui,5.2,,E
2026-08-26,13:52,Baia di Maui,7.0,,ENE
2026-08-26,14:01,Baia di Maui,6.1,,ENE
2026-08-26,14:15,Baia di Maui,5.2,,E
2026-08-26,14:23,Baia di Maui,7.0,,E
2026-08-26,14:30,Baia di Maui,7.0,,ENE
2026-08-26,14:45,Baia di Maui,7.8,,E
2026-08-26,15:01,Baia di Maui,5.2,,E
2026-08-26,15:15,Baia di Maui,6.1,,E
2026-08-26,15:30,Baia di Maui,7.8,,E
2026-08-26,15:30,Baia di Maui,7.8,,E
2026-08-26,15:45,Baia di Maui,8.7,,ENE
2026-08-26,16:01,Baia di Maui,6.1,,E
2026-08-26,16:11,Baia di Maui,7.8,,E
2026-08-26,16:15,Baia di Maui,9.6,,E
2026-08-26,16:30,Baia di Maui,5.2,,ENE
2026-08-26,16:45,Baia di Maui,6.1,,ENE
2026-08-26,17:00,Baia di Maui,6.1,,E
2026-08-26,17:49,Baia di Maui,6.1,,E
2026-08-26,18:01,Baia di Maui,6.1,,E
2026-08-26,18:15,Baia di Maui,6.1,,E
2026-08-26,18:17,Baia di Maui,4.3,,E
2026-08-26,18:30,Baia di Maui,5.2,,ESE
2026-08-26,18:45,Baia di Maui,5.2,,E
2026-08-26,09:01,Lido di Volano,1.7,,NNW
2026-08-26,09:15,Lido di Volano,1.7,,N
2026-08-26,09:22,Lido di Volano,1.7,,NE
2026-08-26,09:30,Lido di Volano,2.7,,NNE
2026-08-26,09:45,Lido di Volano,5.4,,NE
2026-08-26,10:01,Lido di Volano,4.7,,NE
2026-08-26,10:04,Lido di Volano,4.7,,NNE
2026-08-26,10:15,Lido di Volano,4.7,,NE
2026-08-26,10:30,Lido di Volano,3.7,,NE
2026-08-26,10:45,Lido di Volano,3.7,,ENE
2026-08-26,10:58,Lido di Volano,5.4,,ENE
2026-08-26,11:01,Lido di Volano,4.7,,ENE
2026-08-26,11:15,Lido di Volano,3.7,,ENE
2026-08-26,11:30,Lido di Volano,2.7,,ENE
2026-08-26,11:35,Lido di Volano,2.7,,E
2026-08-26,11:45,Lido di Volano,3.7,,ESE
2026-08-26,12:01,Lido di Volano,4.7,,E
2026-08-26,12:15,Lido di Volano,6.4,,E
2026-08-26,12:16,Lido di Volano,6.4,,E
2026-08-26,12:31,Lido di Volano,5.4,,ESE
2026-08-26,12:45,Lido di Volano,7.4,,E
2026-08-26,12:56,Lido di Volano,8.4,,ESE
2026-08-26,13:01,Lido di Volano,6.4,,ESE
2026-08-26,13:15,Lido di Volano,7.4,,E
2026-08-26,13:20,Lido di Volano,7.4,,E
2026-08-26,13:30,Lido di Volano,6.4,,ENE
2026-08-26,13:45,Lido di Volano,6.4,,E
2026-08-26,13:52,Lido di Volano,5.4,,ENE
2026-08-26,14:01,Lido di Volano,6.4,,ENE
2026-08-26,14:15,Lido di Volano,8.4,,ESE
2026-08-26,14:23,Lido di Volano,8.4,,E
2026-08-26,14:30,Lido di Volano,6.4,,ESE
2026-08-26,14:45,Lido di Volano,6.4,,E
2026-08-26,15:01,Lido di Volano,9.1,,E
2026-08-26,15:15,Lido di Volano,9.1,,E
2026-08-26,15:30,Lido di Volano,6.4,,E
2026-08-26,15:30,Lido di Volano,5.4,,E
2026-08-26,15:45,Lido di Volano,7.4,,ENE
2026-08-26,16:01,Lido di Volano,10.1,,E
2026-08-26,16:11,Lido di Volano,9.1,,E
2026-08-26,16:15,Lido di Volano,7.4,,E
2026-08-26,16:30,Lido di Volano,8.4,,E
2026-08-26,16:45,Lido di Volano,8.4,,E
2026-08-26,17:00,Lido di Volano,8.4,,ENE
2026-08-26,17:49,Lido di Volano,8.4,,E
2026-08-26,18:01,Lido di Volano,8.4,,ESE
2026-08-26,18:15,Lido di Volano,8.4,,E
2026-08-26,18:17,Lido di Volano,6.4,,E
2026-08-26,18:30,Lido di Volano,7.4,,ENE
2026-08-26,18:45,Lido di Volano,5.4,,ESE
2026-08-27,09:01,Porto Corsini,0.9,3.5,NW
2026-08-27,09:15,Porto Corsini,0.0,,NW
2026-08-27,09:30,Porto Corsini,0.0,,ENE
2026-08-27,09:45,Porto Corsini,0.9,,NE
2026-08-27,10:01,Porto Corsini,0.0,2.6,NE
2026-08-27,10:15,Porto Corsini,0.9,4.3,NE
2026-08-27,10:30,Porto Corsini,2.6,3.5,ESE
2026-08-27,10:45,Porto Corsini,2.6,3.5,SE
2026-08-27,11:01,Porto Corsini,2.6,5.2,E
2026-08-27,11:15,Porto Corsini,2.6,6.1,E
2026-08-27,11:30,Porto Corsini,5.2,4.3,ESE
2026-08-27,11:45,Porto Corsini,4.3,8.7,ENE
2026-08-27,12:01,Porto Corsini,7.0,7.0,ESE
2026-08-27,12:15,Porto Corsini,7.8,8.7,ESE
2026-08-27,12:30,Porto Corsini,8.7,7.8,E
2026-08-27,12:45,Porto Corsini,8.7,8.7,ESE
2026-08-27,13:01,Porto Corsini,7.8,9.6,ESE
2026-08-27,13:15,Porto Corsini,8.7,8.7,ESE
2026-08-27,13:30,Porto Corsini,7.8,10.4,ESE
2026-08-27,13:45,Porto Corsini,8.7,8.7,ESE
2026-08-27,14:01,Porto Corsini,7.8,7.8,SE
2026-08-27,14:15,Porto Corsini,7.8,9.6,ESE
2026-08-27,14:30,Porto Corsini,6.1,8.7,ESE
2026-08-27,14:45,Porto Corsini,8.7,8.7,ESE
2026-08-27,15:01,Porto Corsini,9.6,8.7,ESE
2026-08-27,15:15,Porto Corsini,8.7,8.7,ESE
2026-08-27,15:30,Porto Corsini,7.0,8.7,SE
2026-08-27,15:45,Porto Corsini,8.7,8.7,ESE
2026-08-27,16:01,Porto Corsini,7.8,8.7,SE
2026-08-27,16:15,Porto Corsini,7.0,8.7,ESE
2026-08-27,16:30,Porto Corsini,8.7,7.8,ESE
2026-08-27,16:37,Porto Corsini,7.0,7.8,SE
2026-08-27,16:45,Porto Corsini,7.8,8.7,ESE
2026-08-27,17:01,Porto Corsini,7.8,8.7,ESE
2026-08-27,17:15,Porto Corsini,9.6,8.7,SE
2026-08-27,17:30,Porto Corsini,7.8,7.8,SE
2026-08-27,17:45,Porto Corsini,8.7,7.8,SE
2026-08-27,18:01,Porto Corsini,7.8,8.7,SE
2026-08-27,18:15,Porto Corsini,7.8,9.6,ESE
2026-08-27,18:30,Porto Corsini,9.6,9.6,ESE
2026-08-27,18:45,Porto Corsini,9.6,8.7,ESE
2026-08-27,09:01,Baia di Maui,3.5,,ESE
2026-08-27,09:15,Baia di Maui,1.7,,ESE
2026-08-27,09:30,Baia di Maui,1.7,,ESE
2026-08-27,09:45,Baia di Maui,3.5,,ESE
2026-08-27,10:01,Baia di Maui,2.6,,E
2026-08-27,10:15,Baia di Maui,7.0,,ENE
2026-08-27,10:30,Baia di Maui,4.3,,E
2026-08-27,10:45,Baia di Maui,4.3,,E
2026-08-27,11:01,Baia di Maui,5.2,,E
2026-08-27,11:15,Baia di Maui,6.1,,E
2026-08-27,11:30,Baia di Maui,5.2,,E
2026-08-27,11:45,Baia di Maui,5.2,,ENE
2026-08-27,12:01,Baia di Maui,5.2,,ENE
2026-08-27,12:15,Baia di Maui,4.3,,ENE
2026-08-27,12:30,Baia di Maui,7.0,,ENE
2026-08-27,12:45,Baia di Maui,6.1,,E
2026-08-27,13:01,Baia di Maui,5.2,,E
2026-08-27,13:15,Baia di Maui,7.8,,E
2026-08-27,13:30,Baia di Maui,7.8,,ENE
2026-08-27,13:45,Baia di Maui,4.3,,E
2026-08-27,14:01,Baia di Maui,7.8,,E
2026-08-27,14:15,Baia di Maui,7.8,,E
2026-08-27,14:30,Baia di Maui,5.2,,ENE
2026-08-27,14:45,Baia di Maui,7.8,,ENE
2026-08-27,15:01,Baia di Maui,7.0,,ENE
2026-08-27,15:15,Baia di Maui,7.0,,ENE
2026-08-27,15:30,Baia di Maui,7.0,,ENE
2026-08-27,15:45,Baia di Maui,7.0,,ENE
2026-08-27,16:01,Baia di Maui,7.0,,ENE
2026-08-27,16:15,Baia di Maui,6.1,,E
2026-08-27,16:30,Baia di Maui,5.2,,ENE
2026-08-27,16:37,Baia di Maui,7.0,,E
2026-08-27,16:45,Baia di Maui,7.8,,E
2026-08-27,17:01,Baia di Maui,7.0,,E
2026-08-27,17:15,Baia di Maui,7.8,,E
2026-08-27,17:30,Baia di Maui,6.1,,ESE
2026-08-27,17:45,Baia di Maui,6.1,,E
2026-08-27,18:01,Baia di Maui,7.0,,ENE
2026-08-27,18:15,Baia di Maui,7.8,,E
2026-08-27,18:30,Baia di Maui,6.1,,ENE
2026-08-27,18:45,Baia di Maui,4.3,,ENE
2026-08-27,09:01,Lido di Volano,5.4,,NE
2026-08-27,09:15,Lido di Volano,4.7,,NE
2026-08-27,09:30,Lido di Volano,6.4,,NE
2026-08-27,09:45,Lido di Volano,6.4,,ENE
2026-08-27,10:01,Lido di Volano,6.4,,E
2026-08-27,10:15,Lido di Volano,5.4,,E
2026-08-27,10:30,Lido di Volano,6.4,,E
2026-08-27,10:45,Lido di Volano,6.4,,E
2026-08-27,11:01,Lido di Volano,5.4,,E
2026-08-27,11:15,Lido di Volano,6.4,,E
2026-08-27,11:30,Lido di Volano,4.7,,E
2026-08-27,11:45,Lido di Volano,4.7,,E
2026-08-27,12:01,Lido di Volano,4.7,,E
